CustomerID,Product_ID,Year,Month,Quantity
24,3,2010,5,93
41,3,2015,9,10
23,3,2010,6,17
17,2,2010,5,52
5,1,2015,5,36
44,2,2016,1,38
39,1,2012,11,67
33,1,2011,12,62
45,2,2012,2,20
7,3,2011,8,41
33,2,2008,8,52
6,3,2017,8,66
15,2,2017,6,84
7,2,2009,9,37
30,3,2012,4,47
35,3,2016,11,14
46,2,2012,2,95
9,3,2015,9,81
48,2,2014,10,59
29,3,2011,7,53
21,2,2010,1,99
22,3,2015,4,90
26,1,2011,3,68
26,2,2015,8,12
35,2,2011,3,8
6,3,2009,1,40
40,3,2015,10,25
22,3,2008,11,69
43,2,2014,2,70
40,2,2015,3,71
50,1,2015,8,76
32,2,2012,4,10
33,2,2011,11,67
4,2,2009,5,40
17,1,2015,4,18
7,1,2016,5,33
16,3,2015,6,59
6,3,2017,12,49
18,1,2012,9,11
16,2,2010,8,70
41,3,2011,11,31
39,1,2009,10,84
28,1,2009,1,83
23,3,2016,8,9
43,1,2008,3,20
1,1,2014,7,58
7,3,2011,10,67
48,3,2012,11,2
24,3,2009,9,55
34,2,2017,12,17
34,1,2015,3,93
42,2,2017,1,49
39,3,2008,6,75
2,3,2017,8,41
45,1,2015,5,18
4,2,2010,3,89
14,3,2010,4,2
20,1,2011,11,96
38,1,2013,10,58
3,3,2014,6,78
38,3,2010,3,22
47,1,2017,8,4
44,2,2013,2,46
35,3,2012,5,98
21,2,2014,10,53
46,1,2008,11,60
33,3,2013,12,74
39,1,2010,11,88
10,2,2017,4,49
43,1,2011,3,20
10,3,2008,6,35
6,3,2016,6,11
7,2,2010,9,46
30,3,2017,6,88
7,2,2010,12,82
21,1,2013,3,75
48,2,2008,11,0
47,3,2016,7,42
24,3,2011,1,16
11,3,2008,7,58
17,3,2015,6,11
23,3,2017,10,64
16,3,2012,10,75
28,3,2013,12,37
34,3,2013,8,76
36,3,2011,1,69
1,1,2009,8,82
36,2,2013,10,80
19,3,2011,3,46
1,1,2010,6,10
22,2,2014,3,80
7,2,2013,5,72
24,2,2013,4,19
36,1,2008,5,37
27,2,2009,9,93
18,3,2016,3,29
28,3,2014,9,15
26,2,2010,6,61
32,1,2010,12,86
9,3,2008,10,45
37,1,2010,12,13
16,1,2015,7,4
43,3,2010,3,26
11,1,2015,5,67
19,2,2008,3,88
32,2,2016,6,51
43,2,2013,5,52
49,3,2015,4,11
38,3,2017,5,68
19,3,2013,12,50
4,2,2009,10,40
15,1,2016,4,1
12,3,2008,10,47
35,3,2017,6,64
38,1,2015,8,54
36,2,2013,3,88
35,2,2016,1,99
34,3,2014,12,42
24,3,2016,1,81
6,2,2008,2,83
40,2,2014,11,53
49,2,2008,9,87
24,2,2009,11,69
43,2,2013,8,6
20,2,2012,10,32
22,2,2009,1,92
22,1,2015,3,22
11,1,2011,9,71
22,1,2014,3,32
25,1,2015,12,89
30,2,2017,12,97
47,3,2015,11,98
13,2,2011,4,82
50,2,2014,1,20
19,1,2009,11,0
41,1,2012,5,25
18,2,2012,3,72
34,3,2015,7,35
43,2,2013,10,59
26,3,2009,1,51
24,1,2013,7,2
6,2,2009,7,69
35,1,2013,6,28
24,3,2014,12,58
27,2,2009,1,73
24,2,2013,1,99
23,1,2012,9,24
33,1,2013,11,50
28,3,2008,10,76
10,1,2016,12,2
48,2,2009,10,89
17,2,2015,3,80
19,2,2010,12,97
19,3,2011,3,79
35,2,2016,5,39
41,1,2016,6,84
39,2,2012,1,78
10,2,2013,10,61
47,1,2008,2,12
27,2,2012,9,82
39,3,2012,8,26
33,2,2016,4,42
38,3,2015,1,9
11,2,2014,6,19
32,1,2008,1,58
14,2,2011,12,31
50,1,2011,1,80
9,2,2008,1,0
18,3,2009,11,9
27,3,2009,4,52
49,2,2016,10,60
21,2,2008,7,43
46,2,2008,6,4
32,2,2012,9,8
47,2,2008,8,33
33,3,2015,6,56
25,2,2011,3,48
27,1,2014,9,41
14,1,2016,7,94
34,1,2011,5,46
19,2,2008,11,6
24,2,2014,6,45
22,1,2009,10,96
1,1,2011,11,10
14,2,2008,9,76
10,1,2017,10,72
23,2,2008,9,42
37,2,2008,6,96
36,1,2011,5,17
22,1,2008,3,37
7,3,2012,12,16
34,2,2010,9,79
43,1,2009,2,4
3,3,2015,11,44
43,2,2014,3,81
14,3,2016,1,39
21,3,2011,3,78
20,2,2013,11,51
16,1,2012,4,7
37,1,2017,10,80
34,2,2015,2,12
24,2,2017,3,61
19,2,2009,7,97
10,1,2011,3,33
27,2,2016,4,99
11,1,2012,3,42
28,3,2010,4,40
2,1,2016,3,60
37,3,2012,12,90
44,1,2010,1,78
45,3,2017,9,69
46,2,2008,5,58
28,2,2013,5,15
20,3,2013,3,20
42,1,2010,2,92
48,1,2009,5,30
23,1,2015,2,90
10,3,2009,2,87
19,1,2017,2,20
3,3,2011,12,13
27,2,2012,11,31
17,1,2012,2,6
25,2,2010,6,80
18,1,2010,10,49
21,2,2011,6,76
3,3,2017,2,29
16,1,2009,11,12
12,2,2013,1,36
46,1,2016,12,10
25,3,2014,7,4
24,2,2011,3,66
17,2,2010,2,92
2,3,2016,2,19
2,3,2015,2,7
3,2,2016,9,46
11,1,2014,12,0
35,1,2009,11,16
33,1,2011,1,19
50,1,2010,12,56
45,3,2017,2,65
32,3,2011,1,80
28,3,2015,8,93
7,3,2010,3,4
33,3,2017,7,63
12,3,2012,2,66
16,3,2015,6,11
42,2,2008,4,23
49,3,2012,8,60
5,1,2008,3,36
1,3,2009,11,24
42,1,2013,8,47
39,1,2008,4,3
16,3,2016,5,19
6,2,2013,4,14
31,2,2008,6,63
2,1,2013,12,80
23,1,2016,12,46
17,3,2013,11,81
45,1,2011,9,97
38,2,2010,1,44
19,2,2011,7,19
42,2,2010,1,8
13,1,2013,1,58
45,3,2014,7,30
16,1,2010,6,76
5,1,2008,5,51
23,2,2017,7,70
41,1,2008,4,36
40,2,2017,7,47
23,2,2012,3,88
44,1,2013,8,68
8,3,2017,7,66
36,3,2010,5,97
37,3,2015,7,74
29,1,2010,9,45
18,2,2016,3,96
49,1,2010,2,26
42,3,2009,8,84
34,1,2014,5,86
11,2,2010,5,3
41,3,2009,4,41
17,1,2012,12,54
21,1,2012,12,2
44,3,2017,5,74
50,3,2016,8,6
9,1,2011,11,68
47,1,2009,2,38
26,3,2015,9,0
43,3,2012,7,2
31,2,2009,5,65
43,3,2008,12,31
16,3,2011,6,24
33,1,2017,3,11
38,1,2017,10,95
35,3,2010,7,14
31,3,2014,9,50
44,2,2013,10,56
49,3,2014,8,51
39,1,2011,7,38
27,3,2017,1,32
12,1,2016,4,71
11,3,2012,8,11
43,1,2010,1,18
3,1,2014,2,78
3,1,2008,3,71
27,3,2008,8,40
40,3,2008,11,23
23,2,2012,7,7
37,1,2017,5,33
27,1,2008,5,7
41,3,2010,7,22
49,2,2008,3,91
13,1,2015,6,4
18,2,2009,2,16
6,3,2010,9,13
27,2,2015,5,38
26,1,2017,3,45
18,3,2013,10,92
24,2,2009,5,62
3,1,2011,1,52
34,1,2010,8,66
47,2,2017,7,65
42,1,2010,9,95
1,2,2010,4,29
26,3,2008,10,14
7,2,2017,10,14
1,1,2009,9,11
33,3,2015,8,62
17,3,2010,4,72
2,2,2015,8,63
8,3,2014,11,7
6,1,2011,6,44
15,3,2014,9,51
15,1,2011,6,32
23,1,2010,8,88
41,1,2015,12,80
22,3,2014,5,45
5,1,2012,8,98
48,2,2008,8,0
21,2,2012,10,33
22,1,2009,5,89
32,2,2010,2,78
40,3,2016,5,15
24,1,2017,2,96
28,3,2013,1,56
7,3,2012,5,12
46,1,2012,6,31
3,3,2011,10,28
3,3,2014,7,88
16,1,2014,12,69
41,3,2016,9,34
14,1,2016,1,10
37,3,2016,9,41
35,3,2015,1,42
32,3,2012,2,83
28,2,2008,9,77
29,2,2009,1,77
7,3,2009,1,36
32,3,2016,11,18
8,2,2009,3,49
10,1,2009,2,40
35,1,2008,3,68
4,3,2015,9,96
19,1,2008,1,99
34,2,2011,9,29
42,3,2014,12,48
29,1,2014,12,84
5,2,2012,10,30
48,2,2016,11,14
39,3,2014,5,61
42,2,2015,4,27
34,2,2009,10,84
1,3,2014,3,42
37,1,2010,1,39
6,3,2010,4,13
35,1,2015,6,28
22,3,2011,10,17
20,3,2013,3,68
3,3,2015,8,95
30,3,2008,4,53
17,3,2015,8,37
50,3,2011,11,48
26,3,2014,6,4
4,3,2009,11,38
46,1,2016,1,4
19,1,2017,2,61
27,2,2008,12,88
9,1,2008,8,58
44,3,2016,3,37
48,1,2011,9,66
31,2,2011,7,33
47,2,2012,6,35
18,3,2011,5,73
43,3,2017,6,77
21,1,2012,6,39
41,2,2012,12,13
6,2,2017,3,63
40,1,2015,11,82
9,1,2014,7,23
25,3,2017,1,65
46,1,2017,12,69
35,1,2014,5,71
34,2,2017,8,8
3,1,2017,10,88
4,3,2015,2,20
45,2,2010,9,99
8,1,2016,6,94
49,1,2010,10,74
8,3,2008,7,99
47,3,2017,6,33
30,3,2016,4,94
31,2,2015,6,22
20,2,2011,7,32
11,1,2010,6,34
11,2,2011,5,0
36,1,2010,4,15
24,3,2009,3,46
27,2,2013,9,25
43,2,2015,3,10
5,3,2010,5,54
33,1,2014,1,62
44,1,2016,9,16
2,1,2011,7,19
33,1,2010,1,86
2,3,2016,2,38
45,3,2017,4,47
46,3,2017,2,25
6,1,2016,3,68
5,1,2014,11,55
38,1,2013,8,58
41,2,2009,1,86
48,3,2011,7,82
28,2,2014,5,82
24,2,2010,8,85
20,2,2009,11,12
7,3,2016,7,90
36,1,2012,1,70
31,3,2009,12,82
3,3,2012,7,33
45,3,2010,4,22
26,2,2015,1,43
1,3,2008,6,11
32,1,2011,3,6
34,2,2016,8,12
16,1,2012,1,36
23,2,2010,8,71
35,2,2012,9,37
12,3,2017,7,47
6,1,2010,3,3
1,2,2016,5,96
41,3,2009,12,26
32,2,2017,6,86
33,3,2009,10,56
14,2,2017,3,83
44,2,2010,8,17
26,2,2017,2,40
21,1,2012,10,32
26,1,2017,2,57
41,1,2016,8,98
44,2,2008,4,84
25,2,2010,1,79
12,1,2011,12,64
44,3,2012,11,40
14,1,2008,4,40
23,2,2015,9,14
32,2,2014,3,79
28,2,2008,11,34
31,1,2015,11,52
25,1,2013,1,28
44,2,2013,2,12
24,1,2011,6,20
39,1,2014,5,19
17,2,2014,7,25
16,2,2017,2,77
48,1,2008,6,82
33,1,2014,10,23
22,1,2010,11,78
33,2,2015,2,40
23,1,2013,7,73
46,1,2016,12,9
29,1,2014,10,55
39,3,2016,9,22
1,3,2017,9,45
27,3,2014,4,28
7,2,2010,6,86
6,2,2016,5,96
40,3,2008,8,66
41,2,2011,4,89
10,2,2011,1,37
34,2,2014,8,84
42,3,2013,4,26
11,3,2010,7,2
5,2,2016,10,4
11,2,2013,1,84
41,3,2010,9,43
15,1,2012,11,38
13,1,2008,11,46
27,1,2015,5,73
43,1,2017,11,31
45,3,2010,2,91
32,1,2013,6,27
37,1,2013,2,44
40,1,2015,5,85
36,3,2013,8,13
37,2,2009,11,43
30,3,2012,1,36
42,3,2010,11,79
49,2,2008,7,3
29,3,2017,4,12
7,1,2010,7,61
28,1,2014,3,25
37,3,2008,6,85
36,3,2011,3,39
41,2,2009,2,33
35,2,2010,6,46
13,1,2014,11,17
11,3,2011,1,59
27,1,2014,10,64
41,2,2011,2,9
11,3,2013,3,14
17,3,2012,8,82
14,1,2016,2,42
21,2,2016,10,96
5,2,2008,7,27
36,1,2013,12,16
49,2,2013,9,82
5,2,2017,11,4
10,3,2013,12,4
5,2,2015,12,30
30,3,2012,8,92
16,1,2013,12,40
37,3,2011,1,94
46,2,2013,4,29
43,2,2008,8,60
32,2,2009,4,36
41,2,2009,1,5
6,2,2010,3,69
24,2,2016,5,14
5,3,2012,9,22
40,1,2011,12,53
45,3,2009,7,81
43,2,2013,5,90
21,2,2011,6,56
21,2,2014,6,41
23,2,2008,11,8
1,3,2012,8,86
40,2,2010,10,55
27,1,2013,4,74
10,2,2017,1,74
30,2,2013,12,87
24,3,2008,3,37
26,1,2012,7,90
4,2,2010,2,43
9,1,2016,3,57
32,3,2009,7,29
6,3,2010,8,19
21,1,2011,9,63
18,3,2017,8,66
15,2,2017,8,93
13,3,2008,3,32
38,3,2013,5,54
38,3,2009,8,30
8,3,2014,6,78
7,1,2012,12,26
44,1,2017,8,68
46,1,2016,2,23
9,1,2015,10,59
46,1,2010,10,31
35,3,2013,8,98
11,2,2008,2,11
10,2,2012,5,94
49,2,2017,8,51
12,2,2009,12,92
30,1,2014,4,50
47,2,2008,10,11
1,3,2009,1,77
31,1,2016,2,90
44,1,2016,8,25
45,1,2008,8,23
46,1,2008,11,71
45,2,2017,4,52
49,1,2009,2,76
27,2,2012,2,23
36,3,2014,12,79
47,2,2012,1,18
38,1,2009,1,41
34,3,2008,7,81
43,1,2010,2,66
19,1,2016,10,38
37,1,2017,6,86
44,3,2009,2,73
27,1,2012,9,46
27,3,2016,9,87
42,3,2008,4,46
24,1,2013,5,69
39,1,2013,9,29
49,3,2011,4,15
37,1,2008,7,74
39,3,2008,12,41
2,1,2011,1,68
28,3,2011,4,43
39,2,2017,11,89
47,2,2013,10,85
29,2,2016,7,88
7,3,2011,11,10
3,1,2013,7,95
5,3,2012,8,73
22,3,2015,12,10
46,3,2015,4,15
4,2,2017,2,22
31,1,2009,3,34
31,2,2016,9,71
29,3,2017,4,67
41,2,2009,4,55
50,1,2017,4,46
48,2,2012,12,44
11,3,2012,12,13
35,1,2017,10,3
47,3,2012,2,53
35,3,2016,8,44
46,3,2011,7,18
20,3,2013,9,95
28,3,2011,4,51
22,1,2011,6,4
29,1,2017,7,77
38,2,2008,5,41
5,1,2008,8,78
33,1,2014,9,78
9,1,2013,9,71
38,1,2017,11,76
45,3,2017,8,96
3,1,2015,6,36
6,2,2016,5,18
16,3,2014,7,67
43,2,2014,11,9
11,1,2011,5,10
17,2,2012,4,79
10,1,2017,11,86
33,1,2013,12,43
27,3,2012,5,41
6,2,2012,7,29
49,2,2010,11,64
18,2,2009,12,60
20,2,2008,5,67
2,2,2008,11,49
36,1,2016,3,17
32,1,2012,6,31
14,1,2016,3,9
42,3,2012,11,55
23,2,2008,2,12
32,1,2011,1,91
9,3,2010,11,25
1,1,2013,6,3
5,3,2016,9,10
34,1,2015,2,96
14,3,2015,2,23
38,2,2008,2,73
39,2,2017,10,49
29,3,2010,8,99
38,2,2017,12,23
29,2,2012,3,56
30,2,2010,3,93
29,3,2009,7,31
44,2,2008,6,15
49,1,2009,5,51
14,2,2017,2,87
15,3,2011,6,92
30,1,2016,12,1
39,2,2016,11,32
24,2,2012,6,86
15,2,2009,12,3
46,3,2011,11,91
36,3,2010,7,67
17,1,2011,8,64
28,3,2009,4,98
34,2,2010,3,9
24,2,2014,6,31
34,2,2012,8,3
28,1,2017,2,72
19,2,2011,4,27
3,1,2008,9,40
32,3,2012,4,5
44,1,2015,1,10
18,3,2016,7,63
20,2,2011,6,62
28,1,2010,1,77
36,1,2008,9,71
35,1,2017,10,47
18,2,2013,5,88
33,1,2012,11,20
10,3,2010,3,87
16,3,2009,9,75
38,1,2012,6,84
49,2,2015,8,79
2,3,2014,6,51
45,1,2016,5,78
26,1,2013,3,44
1,1,2010,4,8
20,3,2017,3,10
32,1,2017,7,2
43,1,2014,6,12
49,3,2008,11,25
32,1,2017,4,36
40,2,2011,11,46
38,2,2009,4,24
22,1,2008,2,4
48,1,2017,12,25
47,1,2017,4,12
23,1,2016,5,84
6,2,2011,11,25
21,3,2008,1,16
32,1,2017,4,16
11,2,2010,3,72
36,3,2008,4,83
5,1,2011,4,49
22,1,2013,12,99
23,1,2010,9,58
25,1,2008,9,65
33,1,2013,12,90
23,3,2009,6,57
47,2,2016,11,82
11,1,2012,4,76
10,2,2011,4,3
37,3,2008,4,95
10,3,2014,4,57
9,3,2010,8,15
12,2,2011,12,58
50,3,2013,7,98
27,3,2010,5,3
18,2,2011,5,19
23,3,2014,3,63
25,2,2017,3,18
2,1,2011,2,35
18,1,2014,3,23
37,3,2012,5,74
14,3,2011,7,67
1,3,2015,10,69
1,3,2016,10,39
3,2,2017,5,48
11,3,2009,11,87
50,3,2010,1,12
43,1,2014,7,98
43,3,2008,1,53
45,2,2015,10,40
38,1,2016,11,19
40,2,2010,3,63
15,2,2014,9,24
27,1,2017,10,97
14,3,2015,4,47
21,1,2009,3,5
22,2,2015,8,25
34,1,2011,8,64
37,3,2014,11,59
30,2,2016,5,36
22,3,2013,2,87
2,1,2011,7,55
49,1,2015,1,45
23,1,2013,11,29
12,3,2016,10,62
32,1,2008,10,42
25,1,2009,1,29
26,1,2014,10,90
14,1,2010,4,9
19,2,2015,5,85
46,1,2012,6,76
11,3,2009,5,12
17,3,2013,10,19
38,1,2008,4,86
37,2,2015,6,91
11,2,2013,4,4
32,2,2016,8,55
32,2,2013,5,50
33,1,2010,2,39
18,2,2009,7,85
16,1,2009,7,9
1,1,2013,6,51
38,2,2013,11,26
45,1,2008,1,73
1,3,2015,5,74
15,2,2014,3,95
5,1,2016,12,38
43,2,2011,12,27
21,3,2010,10,78
1,1,2014,4,72
1,3,2017,8,88
15,2,2009,9,62
16,1,2015,9,33
4,2,2017,2,10
48,1,2014,1,10
15,2,2015,2,9
3,2,2011,5,66
40,1,2010,11,95
15,3,2009,10,5
41,2,2009,12,7
15,1,2011,10,15
5,2,2017,7,29
42,3,2013,3,12
10,1,2012,5,24
30,3,2011,8,87
11,3,2016,9,72
44,1,2013,9,78
27,3,2016,5,12
33,3,2011,4,26
2,2,2010,7,51
10,2,2012,2,29
7,1,2009,6,38
47,3,2008,1,99
2,3,2014,1,69
7,3,2009,5,63
21,1,2013,7,33
43,3,2015,4,8
22,1,2012,6,63
41,1,2010,11,20
50,3,2013,10,93
8,3,2016,7,94
5,2,2009,3,82
39,1,2014,10,67
2,1,2017,8,97
20,3,2016,12,18
20,3,2015,10,46
5,3,2013,7,4
36,1,2015,6,6
48,1,2008,1,55
6,1,2010,9,57
15,2,2017,4,33
19,3,2014,9,95
23,2,2013,6,7
39,2,2014,12,41
29,2,2008,3,9
21,2,2015,1,15
18,2,2015,4,15
18,2,2014,11,2
28,2,2016,11,95
48,1,2010,2,6
29,1,2014,11,83
1,1,2008,9,99
33,2,2011,7,33
49,2,2017,4,79
18,3,2016,11,42
4,2,2011,6,87
28,1,2011,11,54
47,3,2012,8,17
14,1,2009,12,29
8,1,2013,8,39
11,2,2015,3,65
35,1,2013,12,84
50,1,2012,9,22
39,3,2014,1,63
49,3,2015,2,75
22,1,2015,3,60
41,1,2012,11,13
36,1,2015,1,12
15,2,2012,2,6
25,2,2013,7,70
44,1,2012,10,83
5,3,2011,7,82
35,1,2008,3,90
19,3,2015,3,0
40,3,2009,5,28
32,1,2009,11,65
14,3,2013,9,21
49,3,2009,4,87
42,1,2013,1,10
33,3,2011,1,77
10,3,2011,8,16
45,2,2014,5,0
12,2,2012,7,89
43,2,2009,6,36
35,1,2015,12,86
45,1,2012,11,93
4,2,2016,6,36
45,2,2014,11,76
21,1,2017,7,60
47,2,2009,11,13
28,3,2008,9,29
42,2,2009,4,20
42,1,2012,10,26
14,3,2008,4,70
12,3,2010,5,21
47,3,2015,9,98
39,2,2013,5,36
3,1,2008,3,61
3,3,2010,10,91
6,2,2015,6,48
36,1,2015,5,1
8,2,2011,5,79
45,1,2016,1,65
39,1,2015,2,23
12,2,2016,3,5
6,3,2008,9,52
50,1,2011,1,95
27,3,2015,4,35
2,2,2017,11,7
49,3,2013,9,16
18,3,2011,6,84
22,2,2011,10,59
40,3,2015,5,13
21,1,2009,12,44
30,2,2008,9,9
22,3,2010,5,81
8,3,2011,2,34
14,1,2016,8,26
44,3,2014,3,47
32,2,2012,8,19
49,2,2012,10,61
38,1,2012,5,60
45,1,2017,12,68
11,1,2011,3,51
50,3,2014,4,41
46,3,2009,1,54
42,2,2011,7,26
32,1,2013,6,3
44,1,2014,8,88
28,3,2011,10,2
20,2,2010,9,48
4,3,2009,7,2
45,1,2012,1,98
39,3,2017,7,71
16,1,2008,6,72
23,2,2017,9,19
10,3,2016,7,32
15,2,2011,4,37
35,2,2010,9,24
40,3,2012,5,77
7,2,2013,2,17
42,2,2012,3,35
26,3,2016,7,31
42,3,2012,7,54
20,1,2015,6,50
42,2,2011,6,12
36,2,2014,10,35
50,1,2008,10,45
40,3,2009,3,57
30,3,2014,5,50
1,2,2011,7,49
26,3,2016,2,94
8,1,2017,11,2
30,1,2017,7,72
8,1,2016,1,18
4,2,2013,1,41
29,3,2015,12,26
47,2,2014,9,88
6,2,2016,9,40
33,1,2011,11,19
4,3,2012,8,75
36,2,2015,12,7
40,3,2011,7,22
15,1,2012,9,83
23,1,2013,1,88
25,1,2008,1,33
38,3,2009,4,86
1,2,2013,9,77
30,3,2014,2,62
31,2,2015,9,10
36,2,2010,8,46
15,3,2016,1,52
22,3,2016,9,4
34,2,2011,6,9
37,1,2015,4,5
6,2,2008,7,37
9,2,2012,5,7
46,2,2008,8,53
49,1,2017,5,94
25,2,2013,7,58
2,2,2012,6,61
43,3,2017,9,52
43,2,2011,8,38
32,2,2013,8,49
43,3,2012,7,72
38,1,2013,7,46
26,1,2014,11,26
48,2,2012,5,64
26,3,2014,4,73
36,2,2012,3,68
21,2,2015,7,96
29,1,2008,5,92
47,1,2009,11,82
45,1,2012,1,26
3,1,2010,1,85
21,3,2012,12,83
25,3,2017,4,69
18,3,2010,6,99
44,3,2012,4,21
45,3,2010,12,27
21,3,2016,6,4
3,3,2013,12,27
10,3,2016,12,63
48,2,2013,1,80
49,1,2017,6,49
35,1,2008,8,48
13,1,2010,10,26
31,3,2012,9,85
40,3,2012,10,43
33,3,2017,3,86
12,1,2011,3,19
46,2,2017,3,16
18,2,2014,1,25
19,3,2016,8,31
28,2,2013,7,88
10,1,2013,6,26
29,2,2016,5,27
2,1,2014,5,35
41,3,2012,2,1
30,2,2012,1,82
34,2,2014,2,5
36,3,2008,10,3
44,3,2015,2,63
35,2,2008,3,18
25,3,2010,4,25
30,2,2014,8,96
47,1,2009,3,73
5,2,2008,8,79
30,3,2012,5,40
46,2,2016,8,5
5,3,2011,7,72
43,3,2016,4,93
21,3,2017,1,80
39,2,2013,10,69
18,3,2013,4,13
4,2,2010,10,94
21,1,2011,9,22
22,3,2013,5,4
44,3,2012,6,69
15,2,2014,9,80
42,1,2013,9,57
39,3,2015,7,73
20,3,2008,8,66
9,2,2012,4,8
24,3,2017,7,45
49,3,2008,1,81
5,1,2009,2,70
32,3,2009,4,39
3,2,2015,3,69
20,1,2012,4,76
31,3,2008,5,60
35,3,2016,6,37
15,2,2013,12,8
27,1,2009,10,38
37,1,2013,2,51
28,2,2008,9,36
35,1,2016,4,25
29,3,2009,7,56
3,2,2015,10,52
27,1,2010,10,73
48,2,2017,12,87
20,3,2017,6,70
38,3,2017,9,66
41,1,2011,9,26
17,3,2013,11,78
7,2,2012,3,3
49,1,2008,12,58
21,1,2014,1,86
32,3,2013,4,57
30,2,2009,3,95
16,2,2016,1,88
47,1,2011,1,24
21,3,2017,4,34
7,1,2016,1,18
22,3,2016,10,14
2,3,2013,6,44
8,3,2015,5,54
33,1,2010,8,81
44,1,2011,7,12
38,1,2013,10,25
26,1,2016,5,61
10,2,2014,7,45
24,1,2009,7,50
41,2,2015,10,48
10,2,2008,7,73
46,1,2013,4,78
36,3,2016,6,68
5,1,2015,8,43
2,3,2012,12,53
17,1,2009,8,0
34,1,2011,8,67
12,3,2013,12,19
39,1,2011,7,64
45,2,2012,12,2
35,3,2008,3,35
49,3,2016,9,68
14,2,2017,9,89
39,1,2012,1,40
21,3,2009,9,92
30,2,2009,4,46
29,3,2009,1,89
29,1,2011,10,37
34,3,2011,6,47
2,2,2008,5,56
25,3,2012,11,7
31,2,2017,10,10
38,1,2015,1,71
3,2,2017,4,47
26,1,2008,12,66
12,1,2008,12,63
43,1,2017,5,33
42,2,2013,1,52
5,3,2009,1,98
42,2,2011,2,8
17,1,2008,2,39
22,1,2014,12,96
41,3,2016,8,7
36,2,2014,1,70
31,1,2014,12,72
44,2,2011,8,54
13,2,2017,3,37
7,2,2013,6,83
12,1,2010,10,57
28,1,2011,1,18
32,3,2017,8,96
33,1,2012,12,1
17,1,2009,6,30
22,3,2015,9,33
12,1,2017,11,72
27,1,2017,4,54
6,2,2008,6,47
4,1,2014,10,90
39,3,2017,12,55
22,1,2017,6,27
1,1,2017,12,2
41,1,2013,11,82
13,1,2011,6,87
37,2,2009,7,22
7,3,2010,12,82
37,3,2017,4,39
48,3,2017,7,38
42,3,2015,10,30
21,3,2008,10,25
19,1,2017,10,13
27,2,2016,6,37
9,2,2011,7,62
9,2,2015,10,92
46,3,2013,1,25
10,2,2012,9,92
12,2,2011,4,7
24,1,2012,1,25
29,2,2017,11,27
12,1,2015,5,21
8,3,2012,7,93
2,3,2017,11,33
24,2,2008,11,32
38,2,2016,2,49
23,1,2014,8,26
22,3,2013,7,21
50,3,2014,12,73
37,2,2010,11,45
35,2,2014,9,2
47,1,2012,9,97
23,3,2008,9,8
33,1,2015,8,51
33,1,2013,12,12
9,3,2010,7,87
7,3,2009,6,62
7,1,2015,6,71
47,3,2014,1,17
30,3,2014,12,23
6,1,2008,5,65
46,3,2016,1,73
45,1,2010,9,92
31,1,2016,7,74
48,2,2009,12,83
20,1,2011,1,12
3,1,2009,3,18
26,1,2013,8,76
50,2,2010,10,83
46,1,2016,6,45
41,3,2012,9,12
15,3,2015,7,69
45,2,2015,1,0
41,2,2008,3,71
12,3,2010,10,59
18,1,2014,11,45
16,2,2010,7,1
17,1,2014,6,34
35,3,2017,10,18
39,3,2008,6,26
2,3,2009,7,51
35,2,2015,7,73
8,1,2011,3,41
9,1,2014,9,85
16,2,2014,12,21
28,3,2011,9,20
16,1,2013,4,80
44,2,2008,4,49
25,2,2011,7,59
1,3,2016,4,46
23,1,2017,11,40
13,3,2012,11,53
5,1,2008,8,67
3,1,2017,12,88
11,1,2015,10,88
34,1,2008,5,27
5,1,2010,12,14
42,2,2008,10,36
12,3,2014,3,2
37,2,2015,12,60
33,2,2015,10,53
13,2,2015,4,67
13,3,2014,1,26
42,1,2008,8,92
19,3,2009,3,55
9,3,2012,4,26
1,3,2016,12,30
31,3,2009,1,7
9,3,2013,11,29
2,3,2012,10,10
24,3,2011,2,3
26,3,2012,8,33
48,2,2011,6,37
40,2,2009,5,22
6,3,2014,3,50
27,2,2009,10,22
35,1,2011,11,69
49,3,2009,5,26
35,3,2011,12,4
33,3,2012,1,80
47,2,2017,5,8
9,2,2012,1,52
14,1,2009,3,82
10,3,2015,12,49
43,3,2012,9,73
18,3,2016,3,75
7,1,2017,2,55
14,1,2014,7,17
1,3,2010,10,61
17,2,2010,11,78
16,1,2009,7,38
49,3,2013,11,84
9,3,2012,5,44
27,1,2012,11,48
49,1,2009,3,87
4,1,2010,8,2
30,3,2009,6,17
35,1,2014,5,42
7,2,2013,9,21
36,2,2010,9,97
6,2,2013,6,98
8,3,2009,5,15
14,2,2016,4,39
13,3,2013,11,36
18,3,2011,7,98
47,2,2008,11,81
23,2,2011,10,42
15,1,2008,8,23
2,3,2008,11,15
3,1,2016,7,35
6,1,2017,11,54
47,3,2014,7,83
38,2,2013,3,31
45,1,2013,9,92
36,1,2013,2,97
26,3,2012,6,66
7,2,2013,9,86
38,1,2012,10,47
15,3,2011,10,52
17,1,2013,12,80
28,1,2015,12,21
23,3,2012,4,20
20,3,2014,7,56
25,2,2011,10,39
48,3,2013,3,60
37,1,2014,10,98
43,3,2008,5,46
23,1,2011,4,49
9,1,2012,9,1
34,2,2009,11,55
42,1,2015,9,6
30,1,2013,4,47
31,3,2009,7,14
28,1,2010,9,19
14,3,2010,3,76
1,2,2016,10,62
44,3,2015,10,28
36,1,2012,3,5
12,2,2009,2,88
12,1,2015,5,33
5,1,2009,5,0
8,3,2012,5,59
41,3,2014,11,91
46,1,2008,4,17
3,1,2012,6,87
45,2,2012,12,53
38,2,2017,5,48
33,1,2012,7,67
8,2,2014,9,96
6,2,2016,12,77
28,1,2008,2,21
4,3,2015,9,88
50,3,2010,10,3
22,2,2010,8,5
27,1,2009,1,24
32,2,2008,8,27
29,3,2012,5,43
2,2,2015,7,50
9,3,2016,9,96
10,3,2017,2,82
25,3,2008,11,84
8,2,2012,4,66
1,2,2011,4,11
29,1,2012,7,35
6,1,2015,4,41
34,2,2008,5,31
16,3,2011,4,27
8,2,2013,2,85
38,2,2009,5,83
21,1,2013,1,85
7,3,2012,6,78
46,1,2009,2,11
47,2,2008,2,27
5,2,2017,1,98
21,1,2011,4,4
8,3,2009,9,98
40,1,2015,6,69
11,3,2017,8,48
34,2,2011,1,29
28,1,2017,2,34
43,3,2012,5,92
10,2,2011,3,0
48,2,2008,2,96
18,2,2016,9,72
11,2,2015,4,24
13,1,2008,1,14
17,3,2013,6,55
42,1,2013,9,64
20,2,2013,2,75
49,1,2016,10,89
9,2,2016,2,96
17,1,2009,8,49
37,1,2014,6,29
24,2,2013,9,44
16,3,2009,2,18
44,2,2017,7,11
48,3,2016,3,24
37,2,2010,7,62
37,3,2008,1,77
31,3,2011,12,34
36,1,2011,3,6
41,1,2008,9,57
11,3,2015,4,45
34,1,2010,4,65
44,3,2015,10,78
17,1,2016,6,23
38,3,2012,12,91
14,2,2016,12,32
18,1,2016,7,49
34,1,2014,1,33
27,1,2017,11,87
36,1,2011,7,19
47,3,2010,3,94
16,1,2015,8,65
46,3,2011,12,46
33,3,2010,11,4
42,2,2017,2,73
2,2,2011,4,52
35,3,2008,9,48
30,1,2008,2,60
41,1,2016,12,22
24,1,2010,2,27
42,3,2011,10,56
8,2,2008,7,50
11,1,2017,9,13
1,3,2011,6,77
3,1,2015,2,10
19,3,2016,12,98
25,2,2016,3,79
29,2,2008,8,31
37,3,2010,6,3
14,3,2012,2,22
30,3,2011,12,41
13,1,2008,6,75
48,2,2014,4,42
44,2,2008,10,96
44,2,2017,10,48
21,2,2017,1,44
5,3,2013,6,57
47,3,2017,3,48
32,3,2016,1,98
47,2,2016,9,68
10,2,2009,10,18
35,2,2013,5,66
1,3,2010,12,62
33,3,2008,7,38
9,1,2016,2,26
2,2,2013,5,26
10,1,2015,9,95
44,3,2011,8,47
28,1,2011,5,1
38,1,2015,8,88
20,2,2015,4,99
26,3,2010,12,39
32,1,2016,8,42
16,3,2009,8,28
7,1,2016,1,44
13,2,2016,7,45
31,2,2011,11,51
23,2,2014,9,51
33,3,2008,11,76
46,1,2017,3,91
27,1,2011,3,60
43,2,2008,9,33
38,2,2017,1,1
49,2,2016,11,42
18,3,2012,4,11
6,3,2009,10,36
13,1,2013,7,22
11,2,2012,1,86
20,3,2017,11,80
40,1,2013,11,24
24,3,2011,1,5
35,1,2009,12,69
5,3,2008,10,34
15,2,2016,10,67
21,3,2016,8,39
45,1,2010,1,20
49,3,2015,10,80
36,2,2010,6,5
49,3,2014,10,6
18,1,2013,3,48
44,2,2017,2,50
31,3,2015,10,1
49,1,2012,9,22
44,2,2012,9,44
20,1,2014,8,7
5,2,2013,8,48
10,3,2008,10,94
34,2,2016,4,13
26,3,2008,8,8
35,3,2011,10,64
2,1,2010,6,84
29,3,2017,12,12
40,3,2012,12,13
10,1,2011,2,22
10,1,2008,11,51
39,1,2008,4,91
16,1,2009,11,46
41,3,2013,9,0
50,1,2010,10,44
47,3,2008,3,33
10,1,2013,7,9
6,1,2009,12,34
3,1,2017,8,82
23,3,2011,10,89
40,2,2008,11,12
27,1,2011,1,78
40,1,2012,5,95
5,3,2012,8,78
43,2,2016,3,11
47,3,2009,6,24
16,3,2010,2,43
44,2,2012,4,37
41,1,2012,7,48
15,3,2011,3,4
12,2,2010,10,70
8,3,2015,7,68
7,1,2009,12,86
9,2,2011,8,20
44,3,2016,7,97
41,3,2012,12,20
31,2,2016,8,54
23,2,2017,11,37
50,1,2008,12,77
13,2,2016,12,14
10,3,2017,7,91
8,3,2013,10,60
3,3,2014,4,52
49,2,2012,3,10
28,3,2012,5,5
43,1,2017,9,58
1,3,2015,11,36
29,2,2013,6,51
13,3,2013,8,93
29,2,2017,5,19
41,3,2012,2,79
19,3,2013,10,1
1,1,2014,7,79
17,3,2012,7,60
3,3,2015,11,4
49,1,2013,9,85
21,2,2016,5,11
37,2,2011,8,17
11,2,2011,6,47
30,2,2015,3,26
26,3,2012,11,54
49,1,2009,10,83
29,2,2014,12,64
21,2,2014,1,33
29,1,2016,9,26
5,3,2010,3,47
27,1,2013,6,76
17,1,2011,1,42
50,2,2017,4,22
9,2,2012,6,49
17,3,2009,3,64
8,2,2008,4,23
42,3,2016,2,22
18,3,2008,9,81
8,2,2009,4,9
27,3,2016,10,60
7,2,2010,6,97
17,2,2011,5,35
11,1,2012,11,71
43,2,2013,7,82
30,3,2008,9,83
30,2,2014,5,94
48,3,2011,1,36
16,2,2009,12,31
46,1,2016,7,1
41,3,2009,2,94
29,3,2011,5,37
7,1,2012,11,77
27,3,2008,10,88
14,1,2011,4,55
1,2,2014,7,95
9,2,2009,3,57
20,3,2017,6,22
45,2,2017,2,56
37,3,2016,2,8
6,3,2010,1,64
19,3,2011,6,5
35,2,2011,6,59
17,3,2013,12,48
26,3,2016,2,15
38,3,2014,9,1
22,1,2016,5,87
38,1,2014,10,8
18,1,2008,8,87
40,3,2016,12,77
25,3,2015,7,1
34,1,2009,6,40
22,3,2014,2,24
4,3,2009,4,14
3,2,2012,10,58
29,1,2011,2,92
13,3,2014,1,91
11,1,2010,1,69
30,2,2010,5,50
34,1,2015,2,23
22,3,2016,12,98
50,2,2012,12,48
20,1,2010,9,17
21,3,2016,8,61
44,1,2012,9,59
45,2,2017,2,10
26,1,2015,6,45
42,3,2016,1,50
48,2,2008,5,36
20,1,2012,4,17
40,2,2016,1,52
22,1,2017,9,35
5,2,2015,4,23
21,2,2009,10,78
26,3,2008,5,32
40,3,2013,3,98
16,3,2008,5,33
49,1,2013,12,36
22,1,2015,5,38
28,1,2013,11,15
32,2,2008,3,49
7,2,2009,3,43
13,2,2013,1,80
30,3,2008,3,54
39,1,2016,8,33
15,2,2009,10,47
42,3,2013,2,68
10,2,2012,5,26
25,3,2010,2,63
1,2,2013,2,94
12,3,2011,4,80
21,3,2015,7,25
37,1,2012,7,88
28,1,2017,12,86
6,3,2008,3,46
6,3,2013,2,57
7,3,2013,8,77
16,3,2008,5,3
10,2,2016,5,66
21,3,2008,11,78
2,3,2011,4,32
42,2,2010,7,52
30,1,2012,5,45
9,2,2017,6,50
15,1,2012,12,61
47,3,2016,6,44
19,2,2010,3,63
47,2,2008,9,53
21,3,2010,8,98
28,3,2008,10,50
41,1,2011,1,60
28,2,2012,3,73
10,3,2016,5,9
45,3,2017,3,43
19,1,2012,7,93
47,2,2009,11,61
27,3,2010,11,68
41,1,2014,9,75
23,1,2011,11,88
9,2,2015,6,83
39,3,2011,1,19
29,3,2014,12,22
26,3,2012,9,51
27,2,2009,5,83
4,1,2017,2,85
34,3,2016,6,19
49,2,2017,7,71
13,3,2014,11,34
24,2,2012,3,51
5,1,2015,1,61
2,1,2017,7,93
22,1,2014,3,59
33,2,2011,7,14
14,1,2017,12,70
21,3,2010,11,99
21,2,2015,5,11
12,3,2009,7,38
7,2,2010,7,67
4,2,2012,7,79
37,2,2008,10,61
9,1,2011,6,31
13,2,2010,8,9
16,1,2016,9,78
45,1,2012,3,49
32,3,2017,2,58
36,1,2011,2,37
25,3,2016,8,55
43,1,2009,8,37
46,3,2017,3,81
44,2,2015,10,58
34,2,2010,8,11
43,1,2012,11,20
38,1,2008,11,25
24,3,2009,3,41
17,1,2016,5,72
1,2,2011,1,2
9,1,2015,11,88
13,1,2011,3,87
47,1,2008,6,79
34,3,2015,10,79
34,2,2017,6,32
42,3,2009,3,44
37,3,2013,1,89
27,3,2010,1,24
33,3,2017,5,11
18,3,2010,9,76
39,2,2015,8,0
40,3,2016,3,45
25,2,2013,8,57
35,2,2015,5,96
44,1,2009,11,86
9,1,2015,2,69
45,1,2014,5,54
42,3,2017,12,99
14,1,2012,8,27
18,1,2017,9,1
49,3,2017,5,99
11,3,2011,11,94
40,1,2009,8,36
18,3,2010,2,55
37,3,2016,1,39
2,2,2009,1,81
45,3,2016,2,83
40,3,2017,2,62
8,3,2016,1,20
32,3,2011,4,4
38,1,2010,2,34
37,2,2009,1,17
38,3,2012,5,62
40,2,2010,8,28
3,3,2016,1,28
19,3,2012,1,24
1,1,2010,3,63
10,1,2012,4,59
43,3,2009,5,3
34,2,2016,12,90
18,3,2008,10,99
15,3,2009,12,21
28,2,2011,11,88
9,2,2013,6,70
34,2,2008,1,0
6,3,2015,9,96
7,2,2014,3,77
8,3,2015,11,56
37,3,2014,1,6
39,2,2010,11,17
14,1,2013,9,87
16,1,2016,1,43
44,2,2013,4,7
3,3,2013,5,2
40,2,2014,4,7
23,2,2015,1,3
33,1,2013,4,3
18,2,2009,7,38
12,3,2016,7,3
45,2,2017,10,3
47,3,2014,8,94
16,3,2008,5,55
26,2,2015,1,11
4,1,2015,3,69
18,2,2011,2,92
4,3,2010,9,46
7,1,2015,9,23
49,2,2012,6,45
25,3,2008,12,3
42,2,2011,10,43
42,3,2013,6,18
1,2,2008,3,25
13,2,2011,8,50
39,2,2008,7,88
10,2,2015,7,72
32,3,2011,5,30
43,2,2013,1,75
38,2,2015,10,4
22,3,2012,6,43
17,3,2014,5,13
19,3,2012,4,43
31,1,2014,2,96
15,3,2013,11,77
49,2,2016,9,27
47,2,2016,4,63
6,3,2016,8,35
29,1,2014,9,32
30,2,2013,4,22
36,3,2008,10,26
38,2,2010,6,76
33,2,2015,11,77
9,1,2009,10,4
30,2,2015,3,84
3,1,2011,7,92
48,3,2013,2,20
5,2,2016,7,49
34,3,2009,11,26
13,2,2012,11,84
50,3,2017,9,54
5,3,2012,12,60
1,1,2016,6,12
42,2,2015,4,96
28,1,2012,10,17
44,2,2016,9,83
7,1,2013,9,76
42,3,2014,4,35
35,3,2017,5,80
34,3,2009,5,21
44,3,2017,5,90
13,2,2016,12,58
20,1,2009,11,65
49,2,2011,12,11
12,3,2017,2,52
18,1,2015,11,99
37,2,2011,11,11
42,1,2012,2,61
42,1,2017,5,27
11,1,2016,6,93
46,3,2016,5,37
29,1,2010,12,61
38,1,2014,6,94
33,3,2015,11,49
45,3,2008,9,2
23,2,2009,3,59
23,2,2016,6,89
26,3,2014,8,36
43,2,2016,10,10
50,3,2012,3,80
12,3,2008,7,41
15,2,2010,11,83
42,2,2011,9,54
38,2,2008,10,65
16,3,2011,1,59
25,1,2008,4,16
24,1,2013,12,70
49,3,2015,5,41
10,1,2009,2,95
9,2,2016,6,4
10,2,2017,3,84
25,2,2010,4,97
17,1,2014,11,19
31,3,2008,2,44
24,1,2013,10,39
7,3,2010,8,98
43,2,2008,4,45
41,3,2015,3,81
14,2,2009,11,58
50,3,2008,4,56
33,2,2017,3,93
49,2,2010,7,82
25,2,2013,8,85
41,3,2016,12,46
28,1,2010,2,71
6,2,2017,8,19
35,2,2010,5,16
23,1,2010,7,13
33,2,2014,3,75
27,1,2011,8,12
33,1,2014,8,78
48,2,2009,9,33
4,3,2017,9,58
3,1,2008,1,55
40,1,2010,4,31
41,3,2008,3,14
48,3,2012,1,70
7,2,2010,7,50
42,2,2009,11,55
9,2,2017,2,17
46,1,2015,1,14
26,1,2013,9,83
7,1,2012,2,15
25,3,2010,5,12
37,2,2010,3,59
48,3,2011,8,43
23,3,2010,2,49
27,3,2014,9,42
48,2,2016,11,56
46,2,2009,6,55
39,2,2009,8,50
29,3,2008,8,35
2,1,2012,2,6
38,1,2008,6,19
38,2,2013,6,96
46,1,2012,6,63
17,3,2015,7,33
9,2,2010,4,64
36,3,2017,1,95
42,2,2010,8,40
42,3,2009,9,46
3,1,2009,9,43
32,2,2010,9,83
29,1,2017,2,82
49,3,2009,12,88
19,1,2013,5,7
34,3,2017,4,55
43,1,2009,4,95
31,1,2008,4,74
40,1,2015,6,29
22,1,2016,5,66
36,2,2011,10,73
4,2,2010,3,37
42,3,2012,8,44
44,2,2015,3,45
33,3,2011,12,79
37,2,2010,9,57
1,2,2016,8,25
5,3,2010,7,64
38,2,2010,5,52
43,2,2014,7,52
46,3,2014,11,75
21,3,2015,1,12
41,3,2009,3,5
9,1,2014,3,38
20,3,2010,7,30
32,1,2014,12,31
2,1,2011,6,35
10,3,2017,5,80
19,2,2008,1,76
43,2,2015,1,89
50,1,2014,11,86
7,1,2016,10,4
46,1,2013,9,82
20,3,2017,10,89
30,2,2016,2,47
47,2,2011,6,22
17,2,2015,6,35
1,2,2014,4,80
49,3,2010,7,59
11,2,2013,11,30
41,3,2013,2,55
40,2,2016,8,29
27,3,2016,3,21
30,1,2011,11,7
17,3,2011,11,67
26,2,2011,3,47
43,1,2013,1,68
44,3,2014,12,90
24,3,2009,8,83
37,3,2017,3,6
48,2,2011,8,38
35,1,2011,2,9
28,3,2014,4,46
42,2,2010,7,8
16,1,2014,11,89
10,1,2013,3,35
7,2,2011,3,29
5,2,2017,4,73
43,2,2015,12,89
30,2,2012,6,77
32,1,2009,12,30
3,2,2017,3,46
44,2,2008,8,84
17,3,2015,11,3
10,2,2016,4,51
18,2,2015,4,65
43,2,2017,1,37
2,2,2012,12,90
48,1,2017,3,79
12,3,2013,9,81
42,1,2008,4,55
43,2,2015,1,81
2,3,2013,3,68
48,1,2008,3,14
23,3,2016,8,6
40,2,2009,12,0
5,3,2016,6,48
3,2,2011,3,76
48,1,2015,8,29
21,3,2014,3,18
37,1,2012,12,0
49,1,2010,3,27
8,3,2011,11,61
17,3,2016,8,93
20,2,2016,12,8
10,2,2015,8,1
31,1,2012,1,12
28,3,2008,2,46
47,1,2009,11,14
15,2,2013,12,59
6,3,2015,6,47
16,2,2008,7,7
33,1,2011,9,30
19,3,2012,11,48
9,2,2011,4,14
11,2,2012,10,48
32,3,2012,10,48
49,3,2016,6,29
36,3,2016,8,57
13,1,2013,9,82
8,2,2010,10,37
48,2,2010,2,18
38,3,2016,10,43
45,2,2016,8,64
33,2,2016,10,41
33,2,2017,7,28
47,2,2015,10,65
11,2,2013,8,84
38,3,2014,11,89
30,3,2010,9,35
2,3,2010,5,99
41,2,2013,1,77
42,2,2014,6,85
48,2,2013,3,19
16,2,2012,2,32
24,1,2015,9,34
39,1,2012,7,71
25,3,2013,8,90
20,2,2010,9,51
27,3,2015,5,7
11,3,2009,4,56
18,3,2008,3,65
32,2,2012,6,71
21,3,2012,3,61
26,1,2017,5,16
21,1,2015,10,49
33,1,2015,11,39
28,1,2015,5,95
26,2,2016,7,1
22,3,2015,4,42
15,1,2009,6,79
37,1,2008,12,90
37,3,2016,9,16
3,1,2013,5,75
4,1,2014,5,24
47,3,2013,8,20
45,1,2015,1,14
7,3,2015,1,94
43,3,2012,4,85
23,2,2015,11,13
24,3,2011,5,90
42,2,2009,1,4
20,1,2013,6,22
32,2,2013,5,31
30,3,2013,10,58
30,3,2015,12,28
37,2,2017,11,97
40,2,2013,8,47
49,2,2014,9,42
9,3,2009,10,67
37,2,2017,3,31
25,1,2016,6,66
10,1,2011,6,79
43,1,2015,9,31
46,2,2016,12,84
3,2,2013,8,2
35,1,2011,1,18
2,1,2016,1,78
41,1,2009,3,11
36,1,2010,11,70
2,3,2013,5,1
14,1,2008,8,24
7,3,2016,9,63
37,1,2016,6,69
48,1,2016,4,29
21,2,2015,5,10
4,1,2014,3,96
5,2,2014,5,85
24,1,2016,4,60
39,2,2016,12,18
22,2,2008,10,31
22,1,2016,6,24
36,1,2011,8,20
35,2,2015,12,80
15,2,2012,9,40
38,3,2017,7,34
26,1,2015,8,6
14,3,2016,10,48
48,2,2011,9,84
50,2,2011,3,4
46,2,2011,11,99
1,1,2013,6,69
35,2,2010,1,13
39,3,2011,9,63
46,3,2016,9,43
19,2,2012,10,27
11,3,2015,9,63
50,1,2010,5,79
26,1,2015,4,7
48,3,2016,6,15
4,2,2016,8,33
16,2,2011,12,54
26,1,2010,5,52
11,2,2011,6,73
40,2,2010,6,79
11,1,2010,7,17
32,1,2017,9,43
12,2,2016,9,61
21,3,2009,7,3
20,2,2017,1,1
9,1,2014,8,86
31,2,2013,1,3
20,1,2009,7,87
47,1,2010,2,21
44,1,2012,4,77
12,2,2014,8,83
3,3,2009,6,43
12,2,2012,11,0
35,2,2011,5,69
26,1,2016,1,38
6,1,2016,9,54
17,1,2013,3,59
10,2,2012,9,83
21,2,2010,1,13
26,1,2013,10,8
34,3,2008,11,42
26,1,2013,10,73
38,3,2009,10,64
9,2,2008,10,13
8,2,2015,3,24
48,1,2012,12,85
41,2,2013,5,61
20,3,2011,4,60
26,1,2009,3,11
45,2,2013,1,28
14,1,2017,10,58
25,2,2016,12,75
22,2,2017,7,70
18,1,2011,9,11
23,2,2009,9,97
49,3,2011,2,3
46,2,2012,2,47
8,1,2016,4,24
30,3,2008,7,13
14,1,2013,3,43
27,1,2010,7,26
21,1,2015,12,37
9,2,2012,11,49
14,2,2014,3,14
6,2,2016,9,27
48,3,2009,1,11
17,1,2017,6,9
32,3,2009,3,6
9,3,2012,2,9
34,3,2016,10,96
37,1,2012,8,14
7,2,2013,5,14
4,3,2016,9,75
28,2,2011,7,65
24,1,2014,8,60
38,2,2015,3,6
11,2,2012,2,34
4,3,2016,12,70
14,2,2011,12,40
5,3,2017,2,81
16,2,2017,7,59
32,2,2008,10,7
10,1,2015,12,13
33,1,2008,6,72
6,1,2008,9,73
1,3,2016,3,55
18,1,2017,3,70
17,2,2017,5,76
41,3,2016,9,77
13,1,2017,4,69
20,1,2017,12,72
25,1,2013,3,99
38,3,2011,5,15
33,3,2013,11,51
10,3,2010,2,81
4,3,2011,3,62
1,3,2016,4,19
42,1,2008,9,91
14,2,2010,4,15
23,2,2014,7,4
9,1,2015,11,72
33,3,2011,10,8
36,1,2013,12,21
14,1,2009,5,90
24,3,2015,6,87
30,1,2017,2,43
25,1,2010,3,90
40,3,2010,3,60
20,1,2015,3,26
29,3,2014,8,22
40,2,2016,6,78
49,1,2010,12,61
23,2,2010,4,39
22,2,2008,11,20
15,2,2013,12,3
3,1,2010,5,59
45,2,2010,2,8
15,1,2013,5,37
26,3,2009,1,68
19,3,2017,9,10
12,3,2012,5,58
34,3,2014,3,33
38,3,2011,5,14
49,2,2011,11,73
24,2,2017,1,56
13,2,2008,7,73
29,2,2009,4,15
27,3,2009,8,20
14,2,2013,4,28
45,1,2009,1,18
25,1,2017,7,38
18,1,2013,4,60
34,1,2013,10,20
25,3,2011,3,25
38,1,2012,7,15
34,1,2008,9,98
20,1,2009,3,29
5,1,2014,9,99
38,2,2011,11,46
16,2,2017,7,46
1,2,2017,11,38
12,2,2014,4,20
42,2,2014,7,72
20,2,2013,9,54
48,2,2014,12,87
7,1,2015,9,33
35,2,2012,8,12
27,3,2015,5,5
22,3,2010,5,86
40,2,2015,1,45
31,1,2008,11,17
14,2,2010,1,20
9,1,2015,4,14
7,3,2015,3,88
5,2,2013,1,41
47,3,2014,12,60
36,2,2013,1,98
34,3,2010,6,18
48,3,2013,7,34
32,3,2016,7,73
26,3,2013,9,26
23,3,2014,1,60
43,2,2011,1,24
42,1,2014,3,83
47,3,2016,9,92
44,3,2012,1,9
16,1,2016,6,16
49,2,2008,3,50
24,1,2015,1,69
47,1,2017,1,63
32,3,2015,11,71
19,1,2008,4,1
21,2,2010,8,64
31,2,2016,7,67
49,2,2010,11,32
1,3,2010,11,8
12,1,2008,7,29
36,1,2016,5,35
2,2,2010,3,35
12,2,2011,9,29
16,1,2017,5,91
25,3,2013,11,49
38,1,2008,11,51
6,2,2017,7,66
43,3,2009,6,75
22,1,2009,5,82
5,2,2010,5,9
21,1,2008,6,50
44,1,2010,1,35
13,3,2017,6,31
42,2,2015,9,88
21,3,2013,11,70
28,1,2015,9,40
28,3,2016,1,10
4,1,2013,5,3
32,2,2012,12,48
41,1,2015,10,54
47,1,2008,7,9
17,3,2013,8,24
36,2,2017,3,80
9,1,2015,2,58
12,3,2009,2,11
19,1,2017,11,52
43,3,2010,9,64
44,3,2009,5,97
39,1,2016,11,81
1,2,2011,4,17
2,1,2011,3,30
5,3,2011,12,87
40,1,2014,5,6
27,3,2012,12,74
5,2,2016,9,71
33,3,2013,3,72
6,2,2011,11,35
25,2,2016,10,42
4,1,2015,10,20
19,2,2017,1,8
25,3,2013,10,71
13,2,2015,4,61
9,2,2009,10,28
47,1,2009,6,1
2,2,2015,11,5
36,1,2016,12,24
22,3,2014,8,91
20,2,2008,7,4
44,1,2012,2,86
40,1,2017,9,37
27,3,2014,6,71
45,2,2009,8,9
16,1,2011,1,31
28,3,2013,4,64
27,2,2009,6,14
34,3,2011,10,49
41,1,2014,7,71
5,2,2010,1,94
13,3,2017,6,79
12,1,2014,12,97
40,3,2012,7,1
45,3,2010,5,12
32,1,2016,12,80
42,1,2013,8,90
7,1,2008,3,3
29,1,2010,9,54
40,2,2011,2,72
45,2,2010,12,6
16,1,2008,9,72
6,2,2011,2,64
43,1,2009,1,51
17,1,2017,11,72
14,1,2009,10,87
22,1,2010,2,95
48,3,2008,5,72
32,2,2009,6,95
25,2,2009,11,9
38,3,2016,10,76
50,3,2014,1,96
13,1,2012,9,19
17,1,2017,10,35
5,2,2010,5,45
16,1,2014,9,21
14,3,2016,11,3
5,2,2010,1,16
9,3,2014,1,52
3,3,2008,2,89
29,3,2011,7,70
30,1,2014,4,87
24,2,2012,12,14
38,2,2013,7,99
7,1,2010,5,74
1,2,2017,12,64
10,3,2017,3,75
17,1,2009,11,75
35,1,2016,9,72
46,3,2008,9,20
23,2,2008,6,21
19,2,2013,12,30
44,2,2011,5,83
21,3,2017,6,69
1,2,2016,10,50
48,2,2012,2,28
46,2,2015,5,57
50,3,2011,1,72
43,1,2014,11,29
31,1,2012,12,39
9,1,2016,4,35
44,3,2011,10,56
39,3,2014,4,26
26,3,2017,12,67
9,1,2013,9,71
7,2,2010,6,19
6,2,2008,5,78
33,1,2008,6,65
46,1,2015,5,72
17,2,2015,9,90
48,1,2010,7,3
49,2,2010,1,46
7,2,2011,11,42
10,1,2016,2,83
4,3,2016,11,14
49,3,2013,3,62
33,1,2017,1,49
31,2,2011,12,11
34,2,2012,2,72
16,1,2017,11,65
25,3,2008,11,60
37,3,2015,11,31
5,3,2008,8,40
20,1,2010,11,19
43,2,2015,1,86
22,1,2016,7,4
25,1,2013,11,94
25,2,2012,8,93
39,1,2009,5,36
3,2,2015,8,0
32,3,2010,10,45
32,2,2009,7,18
3,3,2008,4,39
18,1,2014,11,5
3,2,2016,7,63
34,3,2009,2,61
1,1,2013,8,76
42,3,2015,5,9
49,3,2014,8,49
24,3,2016,4,18
15,1,2014,5,75
25,1,2010,11,9
25,1,2012,5,72
15,3,2017,9,10
19,2,2011,7,74
13,1,2009,11,88
14,2,2014,10,98
43,2,2008,11,43
44,3,2010,7,53
24,3,2009,11,85
10,3,2013,12,5
19,2,2011,7,18
22,1,2015,6,59
24,1,2016,7,19
43,2,2013,11,62
14,3,2009,10,92
37,1,2017,8,26
44,3,2016,3,38
49,3,2011,11,52
30,3,2016,2,33
44,1,2016,9,1
16,1,2017,10,95
45,2,2009,3,11
45,3,2008,10,75
20,3,2011,9,51
30,3,2013,2,64
5,3,2010,2,55
11,2,2012,7,76
6,2,2011,7,34
23,3,2011,12,22
36,1,2012,6,90
47,2,2009,5,12
16,1,2015,10,15
48,2,2016,1,13
19,3,2008,8,97
27,3,2013,4,71
48,3,2016,10,30
41,3,2011,6,37
49,1,2009,12,33
38,2,2014,1,90
47,2,2015,4,26
1,1,2011,8,34
17,2,2010,11,67
2,1,2014,9,16
47,1,2017,12,96
33,1,2010,8,94
1,3,2010,9,53
25,2,2016,7,54
45,3,2010,8,17
36,1,2017,12,60
43,3,2012,1,66
3,1,2014,8,93
22,3,2015,12,90
27,2,2010,6,6
6,2,2011,2,65
13,1,2011,8,71
49,2,2012,9,71
49,2,2008,7,35
10,3,2013,9,70
8,1,2012,2,57
17,2,2013,7,0
4,2,2016,2,44
8,2,2017,8,84
4,3,2010,11,0
33,1,2017,10,43
2,1,2014,2,44
17,3,2012,7,88
36,3,2008,8,62
7,1,2010,12,82
27,3,2015,5,20
40,3,2016,4,29
28,1,2009,7,83
21,1,2015,2,6
40,3,2008,12,61
23,2,2015,10,0
43,1,2017,3,95
33,3,2016,2,59
13,3,2015,10,34
3,3,2013,6,97
36,1,2014,2,58
33,1,2017,2,82
38,2,2017,11,73
43,3,2015,1,36
8,1,2015,2,25
34,3,2011,10,32
50,1,2010,8,34
48,1,2017,11,49
17,2,2008,7,69
26,1,2017,8,98
3,1,2014,9,97
12,2,2010,10,62
42,3,2014,2,28
28,3,2011,6,26
38,1,2015,12,37
12,2,2010,5,47
15,1,2015,6,3
49,3,2009,9,85
3,3,2011,6,37
12,1,2014,5,83
26,1,2017,6,94
22,2,2012,8,57
37,1,2014,1,45
40,2,2016,2,58
10,1,2009,7,76
38,1,2014,5,79
38,2,2009,10,80
34,2,2013,2,96
10,3,2010,9,25
12,1,2008,11,75
26,2,2014,1,8
12,2,2010,4,54
14,2,2013,1,12
28,2,2013,9,41
9,2,2008,11,30
50,2,2015,1,44
38,1,2013,10,56
27,1,2016,6,1
16,3,2017,2,47
20,3,2013,11,17
44,3,2016,7,13
8,3,2011,7,27
34,2,2014,11,81
40,3,2011,2,13
12,2,2011,2,7
25,2,2012,6,73
36,1,2008,12,67
27,2,2015,9,37
32,2,2008,10,47
7,1,2012,1,64
3,1,2017,1,2
43,1,2012,10,66
29,3,2008,12,78
9,2,2016,1,90
1,1,2012,10,75
23,2,2015,10,38
25,1,2016,6,5
32,2,2009,8,34
31,3,2012,4,47
41,3,2017,5,7
15,3,2012,7,3
7,3,2010,10,69
1,3,2017,9,93
3,1,2008,2,89
30,2,2016,2,86
34,3,2014,10,17
19,2,2012,3,74
42,1,2009,10,33
25,2,2017,8,45
48,1,2016,9,79
12,2,2015,1,36
16,1,2008,5,2
45,1,2013,10,28
32,2,2013,2,65
35,3,2009,9,71
36,1,2009,7,51
6,3,2012,3,21
16,3,2010,4,42
5,1,2011,6,90
46,3,2010,6,30
27,2,2008,10,99
45,2,2011,7,72
18,1,2015,7,41
10,1,2008,10,9
21,3,2011,8,34
30,2,2016,3,79
6,3,2012,1,34
31,2,2015,7,61
48,2,2013,2,81
24,1,2013,6,64
5,2,2015,2,48
38,1,2011,3,23
20,2,2011,1,0
11,1,2010,12,11
34,2,2011,7,22
33,2,2014,11,42
50,3,2010,4,79
42,3,2011,4,74
36,1,2014,8,58
11,3,2012,1,28
46,3,2008,9,60
20,1,2015,8,39
3,2,2013,3,93
14,2,2013,7,67
27,1,2010,5,22
29,3,2010,3,88
28,2,2013,9,35
31,3,2009,11,18
45,2,2017,10,70
27,2,2014,4,78
27,3,2017,1,35
2,1,2009,2,84
4,2,2014,5,8
4,3,2009,9,29
41,3,2017,3,93
36,3,2015,3,1
38,1,2008,1,17
6,1,2012,12,97
31,1,2013,2,49
32,1,2010,4,7
39,2,2013,10,29
13,3,2012,6,35
38,2,2008,5,79
22,1,2012,10,87
11,2,2013,12,68
24,3,2017,6,21
36,2,2016,7,79
29,1,2009,5,81
30,2,2014,12,21
9,2,2008,12,25
35,3,2010,3,86
20,2,2015,4,67
41,3,2009,9,65
17,1,2017,6,1
31,2,2016,4,48
17,2,2008,9,55
20,1,2010,4,81
3,1,2008,7,22
1,3,2014,1,85
12,1,2016,12,33
27,1,2011,11,93
33,2,2014,3,8
43,2,2016,11,37
20,2,2014,4,92
25,1,2014,1,34
33,1,2014,12,32
37,2,2012,4,32
14,1,2013,6,64
48,3,2012,9,27
8,1,2017,8,92
20,1,2010,8,79
50,3,2009,6,40
35,3,2012,12,49
12,2,2016,8,27
21,3,2009,8,70
37,2,2011,6,57
40,2,2010,7,3
16,1,2016,6,33
29,3,2008,1,15
23,2,2016,12,27
35,2,2008,1,98
36,1,2013,11,9
2,3,2013,1,18
30,2,2017,12,9
11,2,2011,3,1
17,3,2012,12,59
47,3,2017,6,8
48,3,2008,9,98
48,1,2014,2,53
27,1,2012,3,22
33,3,2016,8,20
39,1,2013,7,85
12,2,2017,6,34
30,2,2009,11,67
46,2,2013,10,81
6,3,2014,6,72
16,3,2011,1,84
33,1,2017,4,33
45,1,2011,3,72
19,3,2014,4,44
22,3,2009,7,84
38,2,2016,4,13
17,3,2008,12,69
44,2,2015,7,14
14,2,2015,9,58
41,2,2016,10,83
35,2,2008,9,11
8,1,2016,7,5
43,2,2012,7,36
48,2,2009,5,25
15,3,2010,4,39
13,3,2013,10,94
4,1,2009,12,95
28,1,2010,6,67
16,2,2011,8,90
50,3,2009,7,35
31,2,2009,10,45
28,2,2011,6,4
2,1,2017,6,80
9,2,2012,4,79
47,3,2016,11,4
32,2,2014,1,46
44,2,2010,1,28
32,1,2013,6,82
31,2,2016,5,42
26,1,2016,6,84
22,2,2015,11,17
21,1,2008,11,35
5,3,2013,12,33
19,3,2013,5,99
40,3,2012,4,89
28,3,2015,10,52
1,2,2009,9,29
4,2,2010,4,48
49,3,2009,10,91
15,2,2013,10,97
17,3,2015,6,40
18,1,2013,2,78
32,3,2015,1,99
19,3,2011,5,68
43,3,2017,2,37
39,2,2010,3,71
47,1,2012,2,66
19,2,2017,6,98
10,2,2013,12,71
1,2,2010,10,34
4,1,2013,11,12
33,1,2016,9,10
40,2,2014,1,44
22,2,2008,3,40
3,3,2014,12,76
7,2,2010,4,11
22,3,2016,9,23
37,2,2015,6,21
23,2,2016,12,15
15,2,2013,6,41
10,2,2012,3,86
5,2,2008,8,49
42,3,2014,8,15
39,2,2012,7,98
19,1,2014,8,53
20,3,2010,5,39
31,3,2014,7,24
46,2,2008,1,79
48,1,2015,3,12
50,2,2016,3,59
15,2,2008,4,65
15,3,2011,12,56
43,3,2010,12,33
30,2,2012,6,68
19,1,2008,11,0
15,2,2008,2,22
46,1,2010,6,66
4,2,2011,1,13
26,2,2016,12,64
37,3,2014,5,65
32,2,2010,2,37
2,1,2014,1,78
31,3,2016,3,95
29,3,2012,9,39
2,1,2008,3,17
31,2,2011,10,74
44,2,2017,8,37
39,3,2010,5,96
45,3,2017,12,71
48,3,2014,4,90
8,1,2016,5,30
2,2,2014,6,83
29,3,2014,4,1
23,3,2014,8,52
20,3,2008,2,38
27,1,2009,9,88
6,3,2013,7,77
35,1,2008,8,41
31,3,2011,11,11
26,2,2013,2,35
36,1,2015,12,2
5,1,2010,5,8
31,2,2012,10,38
50,3,2011,2,9
46,1,2010,2,2
31,2,2008,7,69
33,3,2017,8,15
37,1,2014,11,68
3,1,2017,3,39
31,2,2012,11,67
24,1,2010,7,96
45,1,2011,3,0
2,1,2015,1,71
44,1,2015,12,86
45,3,2014,9,96
42,3,2014,6,92
3,2,2013,10,68
41,3,2012,7,13
15,2,2011,4,86
22,2,2017,11,75
29,3,2012,12,82
5,1,2010,9,74
27,3,2014,4,17
46,2,2012,7,30
42,1,2016,11,90
27,1,2011,6,47
15,2,2010,8,23
43,3,2015,6,7
31,1,2016,5,23
49,3,2016,11,17
49,1,2010,4,95
26,1,2012,6,1
18,1,2017,5,62
1,3,2010,7,38
36,1,2008,4,66
22,2,2014,12,82
23,1,2008,7,52
29,3,2012,9,34
12,1,2016,4,34
34,3,2017,10,20
17,2,2016,10,47
33,3,2008,1,44
10,3,2011,2,85
12,2,2008,6,36
47,2,2008,8,39
12,1,2014,4,49
42,2,2016,2,60
47,1,2009,3,52
49,1,2017,12,2
45,2,2016,4,8
6,3,2013,9,86
43,1,2015,6,89
49,1,2013,4,3
20,3,2010,9,66
26,3,2011,2,58
13,2,2009,4,99
39,3,2008,6,76
49,2,2017,4,31
15,1,2015,8,97
12,2,2015,5,45
11,1,2008,12,39
30,1,2011,11,30
10,3,2013,6,96
4,2,2009,6,84
16,1,2017,4,80
18,3,2017,9,58
39,1,2008,3,76
27,3,2017,9,54
42,1,2017,12,77
14,2,2009,5,24
33,3,2014,4,96
25,2,2010,5,29
5,3,2009,2,22
34,1,2010,3,40
31,3,2012,6,48
6,2,2012,11,88
43,3,2013,1,52
47,1,2011,7,47
3,1,2012,8,76
37,1,2010,5,18
22,2,2010,6,19
41,3,2008,10,12
9,1,2011,12,52
37,3,2014,1,19
37,3,2010,2,11
41,3,2012,10,24
28,3,2012,12,25
35,2,2008,12,66
7,2,2012,11,27
34,3,2016,9,44
11,1,2016,12,8
27,3,2011,10,18
16,3,2009,1,98
1,2,2015,4,10
45,3,2015,5,86
11,1,2008,3,18
1,1,2013,9,95
2,1,2016,2,86
16,3,2014,9,55
40,3,2008,5,67
10,3,2015,11,45
34,3,2009,3,71
33,1,2013,5,51
31,3,2013,5,68
10,3,2013,1,55
19,1,2014,7,56
35,3,2008,5,15
20,3,2017,7,50
18,3,2015,11,25
22,3,2017,10,72
33,1,2012,10,85
40,3,2011,11,56
46,1,2012,11,74
9,1,2010,8,47
48,1,2015,5,89
39,2,2010,3,23
46,3,2010,5,35
1,1,2010,2,80
24,1,2014,7,77
22,2,2013,11,12
22,2,2015,9,50
18,1,2012,4,58
10,1,2010,1,8
38,3,2009,3,76
47,3,2008,1,62
39,2,2014,12,32
23,3,2012,12,1
46,3,2010,4,79
43,2,2008,11,89
28,3,2013,1,89
48,1,2010,8,57
23,1,2010,2,39
24,1,2013,8,8
42,3,2011,2,68
36,3,2009,9,55
31,2,2010,10,72
23,2,2016,6,50
34,3,2012,4,94
32,3,2009,10,70
33,3,2016,1,10
40,3,2012,3,13
22,2,2011,1,46
37,3,2012,4,60
42,2,2015,10,12
14,1,2009,1,85
46,2,2009,6,14
40,3,2016,7,81
47,3,2011,9,67
31,3,2011,9,55
25,1,2008,10,98
24,3,2008,3,94
23,2,2008,3,87
41,2,2009,4,21
12,2,2009,8,21
39,1,2011,2,42
45,2,2015,10,46
3,2,2017,6,14
48,3,2017,4,99
26,3,2009,10,21
7,2,2009,10,52
48,2,2013,7,72
14,1,2017,12,82
32,3,2017,8,73
11,1,2017,9,46
49,3,2017,7,72
4,3,2015,12,44
15,3,2012,7,70
13,1,2012,7,24
37,3,2010,7,18
38,3,2008,6,48
38,2,2017,6,22
7,3,2014,12,53
27,2,2010,8,25
37,1,2016,5,75
44,3,2017,7,2
46,2,2012,10,45
47,2,2008,9,10
22,2,2012,3,74
43,2,2009,10,59
25,2,2009,3,49
40,3,2010,11,34
28,1,2016,8,26
5,1,2014,4,62
10,1,2017,9,52
13,3,2013,9,16
49,3,2013,7,54
48,3,2015,1,98
44,2,2014,1,46
48,2,2012,8,39
31,1,2013,7,33
47,3,2011,8,24
40,1,2009,10,7
36,1,2012,10,63
40,2,2013,2,86
14,2,2013,7,90
43,1,2016,7,39
42,2,2008,2,90
38,2,2015,1,67
33,2,2017,1,82
7,1,2013,6,80
23,3,2008,7,32
38,2,2015,10,45
50,2,2009,11,69
12,1,2008,10,3
13,2,2015,10,38
28,2,2009,1,98
40,2,2013,10,67
1,1,2011,10,56
18,1,2016,9,54
16,2,2015,4,34
48,3,2013,6,81
45,2,2014,2,54
46,1,2011,7,44
41,1,2008,5,53
6,2,2010,4,98
44,3,2014,8,95
27,1,2017,7,95
42,1,2011,8,86
2,1,2011,1,68
13,2,2008,1,50
5,1,2012,11,11
46,3,2012,1,51
1,2,2013,1,20
25,2,2016,3,75
38,2,2017,5,86
48,3,2013,5,85
33,2,2011,12,87
36,2,2015,4,69
45,2,2009,8,88
28,3,2015,6,47
6,1,2013,6,88
47,2,2016,9,80
38,3,2014,3,29
16,1,2014,1,47
38,2,2011,2,59
39,3,2013,5,6
42,1,2010,12,58
44,3,2010,10,25
43,2,2008,8,12
39,1,2014,10,27
1,1,2010,10,3
15,2,2015,8,43
5,2,2008,6,43
47,1,2014,12,77
27,3,2010,6,60
36,1,2008,12,18
49,1,2008,2,92
23,1,2008,5,23
20,2,2009,5,9
46,3,2011,2,26
7,3,2008,10,72
39,1,2016,12,39
6,1,2015,6,54
49,1,2012,9,94
42,2,2011,8,2
3,1,2009,11,96
10,2,2012,10,90
6,3,2009,11,85
10,1,2012,8,94
27,1,2013,7,54
21,2,2012,10,75
39,2,2009,11,90
26,1,2011,10,71
41,2,2016,9,37
26,3,2017,7,68
1,3,2014,1,95
49,2,2012,9,11
25,3,2015,12,75
19,3,2015,1,27
23,1,2009,7,93
28,3,2014,9,9
45,1,2013,1,43
4,1,2013,10,13
34,3,2011,8,97
47,3,2017,7,43
15,1,2011,9,83
5,1,2015,6,49
40,3,2010,2,22
47,3,2017,8,97
2,3,2014,6,4
2,3,2014,2,88
34,1,2008,10,19
16,1,2017,2,65
7,1,2015,7,21
9,1,2015,3,8
25,2,2010,2,68
28,2,2012,3,26
1,1,2010,10,49
20,2,2013,6,61
11,1,2010,4,33
32,2,2016,1,71
21,2,2012,3,32
42,1,2014,4,63
17,2,2016,7,95
21,1,2010,5,30
11,3,2010,9,76
13,3,2017,9,60
26,2,2016,3,15
24,2,2016,7,76
34,1,2008,1,13
24,1,2010,10,64
12,2,2008,12,73
8,2,2015,11,18
47,3,2009,4,66
48,1,2009,2,84
2,3,2016,2,86
33,2,2016,7,11
47,3,2009,7,73
19,2,2010,9,32
20,2,2009,9,82
49,2,2008,7,3
4,2,2016,9,96
29,3,2011,2,90
49,1,2009,4,42
46,3,2014,12,92
43,2,2013,9,13
12,2,2010,12,73
37,3,2009,11,66
6,3,2015,9,7
29,3,2009,3,38
10,3,2013,4,10
10,3,2008,6,70
19,1,2011,12,63
9,2,2012,11,84
9,1,2010,2,18
19,3,2008,9,58
11,3,2011,1,90
26,2,2015,7,96
6,1,2017,5,39
3,2,2011,8,70
24,3,2008,8,27
44,2,2014,3,15
23,2,2016,12,81
16,2,2011,5,9
6,1,2012,7,14
5,3,2015,6,58
2,1,2010,11,37
40,3,2011,5,9
43,2,2017,2,36
11,2,2016,1,51
46,3,2015,9,74
48,2,2013,7,58
5,2,2015,6,79
46,1,2015,9,26
5,2,2015,5,18
9,2,2011,4,86
35,1,2011,3,94
30,3,2008,5,6
5,3,2008,11,22
34,3,2014,12,32
30,1,2016,5,48
17,2,2009,11,63
7,1,2016,7,73
39,3,2010,2,91
35,1,2015,7,89
18,3,2014,9,78
2,3,2010,11,37
19,2,2008,11,29
36,3,2008,3,78
38,3,2016,8,59
28,2,2014,3,4
48,3,2016,9,78
39,1,2014,9,38
11,1,2013,12,91
19,1,2016,9,50
31,2,2008,10,37
39,3,2008,7,0
44,2,2010,2,40
45,3,2015,3,45
27,1,2014,6,58
32,3,2010,4,43
4,3,2011,4,51
34,2,2016,12,51
29,1,2016,11,65
39,3,2016,9,31
5,1,2015,3,68
30,3,2010,10,6
1,1,2011,3,75
10,2,2015,5,23
26,3,2010,2,15
1,3,2017,11,59
32,3,2014,1,79
41,1,2008,5,90
45,1,2012,4,49
5,3,2008,6,73
49,1,2014,3,4
43,1,2015,3,75
39,3,2016,7,10
26,3,2012,4,90
4,1,2015,8,34
19,2,2011,11,20
30,3,2014,6,42
25,3,2012,8,91
19,3,2013,9,39
7,2,2008,6,85
50,3,2014,10,59
47,1,2008,11,53
42,3,2012,10,51
1,1,2008,2,69
30,1,2016,8,51
34,2,2008,7,25
47,2,2015,12,71
49,3,2008,4,39
47,2,2012,7,65
12,3,2012,7,4
16,3,2012,5,5
45,3,2014,10,87
26,3,2014,9,31
5,3,2008,11,66
12,3,2010,3,5
49,1,2008,10,26
12,2,2014,7,97
2,2,2009,9,55
12,3,2016,7,72
37,2,2014,5,58
10,1,2010,8,25
24,2,2012,4,10
31,1,2011,2,80
7,2,2009,10,5
7,3,2011,3,19
33,1,2011,10,30
34,3,2013,9,44
50,2,2009,2,58
16,3,2009,1,4
41,1,2012,4,16
15,2,2010,6,6
41,2,2012,3,14
43,1,2010,6,18
45,2,2013,8,3
47,2,2013,1,43
22,3,2015,4,1
28,3,2011,5,29
9,1,2011,5,95
17,3,2015,4,49
41,1,2010,1,14
45,1,2013,9,44
22,2,2015,8,56
22,3,2012,3,86
20,1,2008,7,20
48,2,2011,4,33
40,1,2017,5,77
2,3,2010,12,20
19,2,2010,2,16
33,2,2014,5,88
34,1,2012,11,70
1,3,2011,7,2
50,1,2016,7,2
5,1,2010,12,89
22,1,2010,4,14
31,3,2010,9,50
28,1,2010,12,75
16,1,2014,4,21
16,1,2008,1,54
8,1,2011,6,74
3,1,2008,3,74
1,3,2016,2,41
39,1,2012,11,67
20,1,2010,6,9
42,2,2011,7,34
14,1,2008,12,76
45,1,2013,4,67
17,2,2013,12,33
47,2,2011,3,87
46,3,2008,7,28
16,1,2014,7,46
12,2,2014,2,88
24,2,2017,11,33
41,2,2016,1,18
27,3,2010,10,45
48,2,2012,8,79
3,3,2013,4,75
3,2,2011,2,52
27,1,2009,1,72
4,1,2015,9,30
20,2,2014,2,29
42,2,2008,3,20
11,1,2011,5,31
17,3,2012,7,78
9,1,2014,4,21
2,3,2012,2,59
18,1,2016,6,76
31,1,2016,12,35
21,3,2017,11,20
45,3,2009,10,75
4,3,2015,4,55
31,1,2011,6,4
22,1,2011,12,52
49,3,2011,12,37
1,3,2017,2,65
50,3,2008,9,52
29,2,2008,11,94
16,1,2013,3,52
40,2,2016,11,43
24,1,2012,11,37
29,1,2011,9,73
6,3,2011,11,82
42,3,2010,1,64
38,1,2017,9,39
4,2,2008,8,89
9,1,2011,5,60
41,2,2017,7,36
8,2,2013,8,88
40,1,2015,1,96
10,2,2008,3,96
40,2,2014,3,7
49,2,2016,1,72
48,2,2013,12,23
25,1,2014,3,44
29,3,2015,11,25
41,1,2010,3,10
41,2,2014,10,51
34,3,2017,3,58
41,3,2010,12,33
37,2,2013,12,2
23,3,2014,12,58
48,2,2017,3,86
8,3,2017,4,63
14,2,2009,9,22
10,3,2015,9,88
9,2,2013,10,96
10,2,2011,11,8
19,1,2012,1,32
9,3,2015,12,39
22,3,2014,11,64
1,1,2015,4,34
7,1,2017,11,26
24,2,2015,10,25
19,2,2016,8,7
26,2,2011,10,71
12,3,2010,6,31
42,3,2014,1,33
23,1,2016,6,87
42,3,2009,11,62
32,1,2017,4,34
38,2,2008,6,98
28,3,2012,12,26
2,3,2008,3,94
30,3,2017,9,63
50,2,2017,7,17
15,1,2011,11,59
3,1,2010,12,95
8,2,2017,5,21
7,1,2010,9,4
14,1,2008,7,83
47,3,2012,6,5
49,2,2010,6,45
49,1,2015,2,85
40,2,2017,8,67
20,2,2015,10,73
41,1,2015,2,87
50,3,2012,4,63
43,1,2016,5,34
32,2,2011,7,92
21,3,2008,1,71
35,2,2017,10,54
26,2,2013,9,7
48,1,2008,12,27
22,2,2014,9,25
10,3,2015,4,55
5,3,2012,11,91
24,1,2012,8,48
46,3,2013,9,13
29,1,2013,4,3
19,2,2013,4,64
8,1,2011,5,80
49,3,2014,6,97
27,3,2008,4,82
49,3,2011,3,99
39,3,2010,10,67
6,2,2009,9,56
1,1,2015,1,34
12,1,2016,3,92
36,3,2008,3,66
30,1,2011,6,97
47,1,2011,5,89
45,1,2011,10,91
4,2,2012,5,80
27,2,2009,7,96
47,2,2013,7,12
17,2,2013,4,4
29,3,2008,11,81
13,1,2016,8,21
31,3,2012,9,54
50,1,2012,9,59
34,2,2008,1,75
8,2,2011,2,37
15,3,2015,3,58
14,3,2016,7,96
4,3,2014,5,45
40,2,2010,7,93
16,2,2009,1,71
30,1,2010,11,63
48,1,2013,8,23
28,3,2011,2,81
12,3,2013,9,67
11,2,2014,6,91
28,1,2012,5,67
13,1,2012,2,71
16,2,2013,3,73
35,2,2016,7,79
44,1,2010,12,59
8,3,2016,3,23
26,2,2012,5,65
36,3,2015,1,77
46,1,2013,2,33
24,2,2017,3,71
47,3,2012,10,21
7,3,2011,10,43
3,2,2008,5,21
28,2,2013,4,89
42,3,2015,12,9
3,2,2017,2,14
28,3,2013,6,35
18,2,2013,6,70
34,3,2014,2,67
4,3,2012,7,46
40,2,2017,5,92
5,1,2010,3,84
18,3,2013,10,14
36,1,2009,9,74
17,1,2012,2,22
31,2,2008,2,50
20,2,2010,10,73
16,1,2010,4,28
31,1,2009,7,72
10,2,2017,12,92
25,1,2009,3,31
29,1,2009,7,51
34,1,2012,5,60
16,3,2013,9,58
27,2,2009,3,73
29,3,2013,6,8
45,2,2012,8,83
24,1,2008,6,48
22,2,2016,11,19
34,1,2009,12,37
30,3,2013,7,51
45,2,2011,7,92
37,1,2015,8,25
50,1,2012,11,19
36,3,2010,1,17
5,1,2015,3,65
49,2,2014,6,18
12,3,2015,2,16
39,3,2010,9,76
33,1,2010,9,29
37,1,2009,1,39
3,3,2017,9,21
13,1,2011,7,83
27,2,2008,11,10
28,1,2015,2,63
11,1,2016,8,76
48,1,2017,8,86
48,2,2014,1,31
30,2,2016,8,42
5,1,2008,5,56
22,3,2013,3,83
11,3,2012,3,67
31,1,2017,2,37
32,2,2014,2,47
31,2,2016,2,21
6,2,2015,3,66
11,2,2017,3,84
38,2,2013,7,16
44,1,2012,4,43
5,2,2008,11,54
20,1,2011,10,51
26,1,2008,9,69
7,3,2016,4,77
18,3,2012,11,1
16,2,2017,5,69
31,1,2014,12,24
11,3,2017,8,74
23,1,2009,2,15
31,2,2015,2,48
19,3,2013,10,12
2,1,2017,10,26
2,3,2010,10,20
47,3,2016,5,32
1,1,2014,4,34
36,2,2009,1,66
3,1,2012,10,52
28,3,2014,12,85
40,1,2010,10,45
31,2,2017,3,26
36,1,2008,3,37
49,2,2010,3,71
14,3,2012,1,51
10,2,2016,6,8
30,3,2014,2,52
49,2,2010,4,69
32,1,2012,5,30
20,1,2017,10,70
42,1,2008,12,54
22,2,2013,2,30
34,2,2014,6,45
11,3,2014,6,2
22,3,2013,11,42
13,3,2013,11,96
6,3,2015,11,99
1,1,2008,10,67
19,1,2014,8,1
50,1,2013,4,23
17,3,2009,9,55
40,1,2009,8,20
14,1,2010,12,80
24,3,2011,6,33
5,3,2014,8,65
18,1,2014,6,51
24,1,2011,10,89
21,1,2015,8,24
30,1,2017,10,73
44,1,2008,1,72
18,2,2017,1,29
3,2,2012,9,16
34,2,2010,11,68
49,2,2009,9,50
19,2,2010,12,59
25,3,2009,7,43
44,2,2016,9,80
28,2,2011,11,17
45,2,2008,11,25
30,3,2012,7,66
44,3,2012,3,27
34,1,2016,4,4
15,2,2013,10,8
12,3,2009,8,77
29,3,2017,4,76
46,1,2013,4,68
23,3,2009,12,32
29,2,2015,12,77
3,2,2014,7,63
25,1,2011,11,7
20,2,2012,10,47
9,2,2008,12,10
6,1,2017,6,7
7,1,2017,10,2
4,1,2016,5,97
12,1,2013,5,95
42,3,2014,8,41
43,2,2017,1,97
45,1,2016,10,33
40,1,2011,1,69
15,3,2010,4,87
38,1,2008,9,10
24,1,2014,6,47
24,3,2016,6,50
9,2,2015,12,92
48,2,2010,1,54
21,3,2013,4,90
4,2,2010,9,13
15,3,2008,7,47
37,1,2013,6,68
32,3,2010,10,26
28,2,2009,7,29
19,2,2009,10,48
11,1,2011,5,94
37,1,2017,9,6
4,3,2009,2,5
8,3,2012,4,61
40,1,2008,5,34
28,2,2011,8,32
6,3,2014,11,91
3,2,2008,8,82
26,3,2010,1,59
19,3,2017,6,45
41,3,2009,1,38
44,1,2015,6,92
38,3,2008,8,29
5,3,2014,2,70
5,3,2012,7,81
8,3,2012,9,65
22,2,2017,2,34
4,3,2017,1,7
48,3,2013,8,39
40,3,2012,12,33
29,3,2009,12,15
23,2,2017,3,63
14,1,2013,2,20
48,1,2011,3,1
46,1,2008,2,70
10,1,2017,4,4
1,3,2017,4,32
42,2,2009,12,90
10,3,2014,7,51
16,3,2013,6,77
32,1,2010,1,65
42,3,2016,10,75
43,1,2009,1,49
14,2,2016,9,78
8,2,2015,7,75
48,1,2012,5,48
19,1,2017,12,83
31,1,2009,8,33
2,1,2014,12,47
40,3,2010,10,91
26,2,2009,3,4
38,2,2016,1,90
24,1,2013,4,33
13,2,2011,8,20
20,1,2015,9,24
25,3,2012,2,33
5,1,2011,3,67
5,3,2012,1,28
21,1,2009,8,57
17,1,2010,6,15
20,1,2012,12,0
49,3,2011,11,89
48,2,2008,9,54
6,1,2015,5,46
23,3,2010,12,70
31,1,2012,6,75
35,3,2008,11,9
6,1,2014,9,71
23,3,2010,1,4
47,2,2008,4,84
34,1,2015,7,78
2,2,2009,3,12
4,3,2008,1,84
17,2,2015,3,12
3,3,2016,7,84
42,1,2016,11,90
19,2,2008,6,14
31,1,2017,4,63
40,2,2017,2,71
22,2,2013,10,77
19,1,2010,5,0
41,1,2013,2,22
27,3,2008,6,98
17,3,2017,2,10
28,2,2017,10,44
23,3,2015,3,20
26,2,2017,4,92
24,2,2012,10,93
24,2,2015,7,70
24,1,2009,11,43
16,2,2017,8,37
36,1,2009,10,5
7,1,2015,3,56
23,1,2014,5,1
36,1,2009,2,61
9,1,2013,9,47
18,1,2016,6,4
42,1,2013,4,33
26,3,2008,5,16
2,2,2012,2,68
21,3,2010,12,56
48,3,2011,8,36
22,3,2016,1,72
17,1,2017,1,62
32,1,2008,4,70
42,1,2017,4,94
20,3,2012,10,74
35,1,2009,6,77
11,2,2015,8,95
26,2,2012,9,56
1,1,2009,7,23
37,2,2009,4,61
25,1,2017,11,69
44,3,2012,12,7
20,3,2013,1,59
27,3,2011,9,21
4,3,2016,10,73
33,1,2012,12,5
36,2,2017,4,93
41,2,2010,9,9
43,2,2013,9,21
3,2,2009,6,40
37,2,2016,5,95
29,1,2013,1,84
34,1,2016,11,88
49,1,2008,10,65
18,2,2010,9,66
24,1,2011,10,76
24,3,2011,10,73
34,1,2008,7,3
36,1,2014,10,26
1,2,2012,8,31
20,1,2017,2,75
49,3,2012,11,90
15,3,2017,5,82
7,2,2014,5,33
48,3,2008,7,74
14,1,2008,9,56
32,2,2008,4,21
42,1,2014,2,59
48,1,2014,8,4
35,3,2017,12,16
1,2,2014,6,47
44,1,2017,6,66
42,3,2008,10,73
34,1,2013,5,53
25,1,2009,12,35
34,2,2012,1,57
6,3,2008,4,5
1,2,2010,9,97
22,3,2012,9,65
24,1,2016,9,13
21,3,2014,3,82
32,2,2012,10,97
46,1,2010,5,81
19,1,2008,10,41
27,2,2009,11,72
25,3,2011,6,13
26,3,2012,2,78
27,2,2015,1,45
27,2,2009,8,97
37,1,2016,9,32
39,3,2012,4,78
35,3,2011,3,13
39,3,2008,12,80
10,1,2010,10,34
15,2,2011,2,17
27,1,2015,4,26
11,3,2013,3,78
47,3,2011,5,27
19,3,2012,8,22
36,3,2013,8,16
20,2,2012,7,76
14,1,2016,7,87
19,1,2011,8,18
25,1,2013,12,15
32,1,2016,11,53
43,3,2009,11,95
20,1,2010,9,90
10,1,2011,9,62
30,2,2012,6,23
29,1,2012,2,5
34,3,2009,8,65
45,2,2016,10,49
47,1,2015,9,77
35,2,2010,4,79
36,2,2011,9,87
4,3,2017,12,55
3,1,2015,6,89
31,3,2010,1,99
31,3,2012,7,63
18,2,2012,1,47
43,3,2009,10,4
3,3,2011,4,82
46,2,2016,11,63
8,3,2016,10,90
50,1,2009,3,44
12,3,2015,6,88
20,3,2009,1,21
33,2,2010,8,78
18,1,2016,3,33
39,2,2012,6,61
20,2,2008,9,47
44,1,2015,8,43
21,2,2014,3,67
39,1,2009,11,92
3,3,2017,7,81
25,2,2015,1,70
21,1,2015,4,19
5,2,2017,3,64
41,2,2013,10,89
19,2,2011,2,56
37,1,2017,9,54
2,2,2015,12,16
47,1,2015,4,43
37,3,2015,11,4
19,3,2013,5,15
45,2,2014,6,82
20,3,2015,12,10
50,2,2016,3,11
49,1,2014,12,37
28,2,2010,8,47
20,2,2008,4,52
7,2,2009,8,10
4,2,2008,10,69
28,2,2009,11,71
43,3,2012,11,88
32,1,2011,8,99
28,3,2011,11,60
49,1,2011,11,44
14,3,2014,12,12
31,3,2017,6,49
27,1,2010,3,40
39,2,2016,11,5
18,3,2014,9,60
2,2,2013,8,67
8,2,2014,9,39
43,3,2014,12,55
30,1,2014,4,25
38,1,2012,7,4
21,1,2012,2,29
40,2,2014,4,65
34,2,2011,6,87
10,1,2016,5,0
42,2,2016,4,42
20,3,2010,4,73
22,3,2017,7,23
18,3,2015,11,89
37,2,2009,5,46
26,1,2009,10,62
50,2,2008,5,1
15,3,2017,3,47
40,2,2016,3,89
25,1,2013,9,29
8,2,2010,4,6
40,2,2012,4,21
15,3,2014,7,17
42,3,2012,1,49
41,1,2013,4,29
31,3,2008,8,89
11,1,2009,12,78
6,1,2009,11,79
37,2,2016,1,21
16,2,2016,3,50
29,2,2013,7,55
43,2,2009,1,66
45,2,2009,2,43
34,3,2011,2,35
20,3,2017,1,74
46,1,2013,4,30
6,1,2012,4,0
19,2,2010,1,28
20,3,2014,1,72
14,1,2014,5,69
19,3,2008,5,52
10,2,2014,4,79
25,2,2011,7,87
49,3,2008,8,32
17,2,2012,9,95
3,2,2015,5,40
6,2,2014,7,74
49,3,2008,8,2
44,3,2010,10,88
20,3,2011,4,94
49,2,2017,3,79
18,2,2008,3,2
14,2,2014,9,39
29,2,2014,5,76
24,1,2010,7,98
1,3,2013,4,29
1,1,2013,3,75
13,3,2017,9,39
6,3,2017,11,5
49,1,2008,7,45
30,2,2009,2,93
33,1,2010,9,85
3,3,2008,7,31
30,2,2017,10,47
5,3,2014,11,72
1,1,2012,6,37
24,2,2014,3,61
9,1,2008,12,85
37,2,2016,7,43
36,2,2015,6,21
46,2,2008,5,40
24,3,2008,2,65
48,1,2010,5,5
7,1,2017,12,3
12,2,2016,9,7
49,1,2015,6,49
2,3,2012,9,27
45,3,2015,10,51
15,1,2014,11,66
7,2,2015,2,33
27,1,2009,2,45
19,2,2013,6,43
43,2,2017,12,69
38,3,2008,6,34
6,1,2015,5,18
28,1,2014,3,61
17,1,2015,11,76
3,1,2013,5,26
19,3,2016,8,58
22,1,2009,5,71
39,3,2011,9,55
35,3,2012,9,28
42,2,2011,5,46
31,3,2016,3,19
15,2,2008,3,37
38,2,2010,2,66
19,2,2009,1,93
7,2,2009,9,4
36,3,2008,12,76
40,1,2010,8,38
3,3,2012,8,33
50,1,2011,11,87
41,1,2011,11,61
30,1,2015,5,30
42,2,2010,8,31
7,1,2015,7,57
2,1,2016,11,8
20,2,2014,9,53
21,1,2012,1,95
12,1,2010,4,10
7,2,2012,10,41
1,1,2008,9,50
15,2,2012,1,4
25,3,2013,12,15
3,2,2011,3,5
1,3,2015,2,50
30,2,2017,11,22
26,3,2011,8,44
48,3,2014,6,49
8,1,2015,1,8
