"","quantity","units","x1","x2","x3"
"1",877.506355404614,"kg",101.826347721422,"N",8
"2",1644.92280750377,"lb",92.0024162715992,"N",NA
"3",1139.44405324865,"kg",97.4311999366997,"N",7
"4",782.558570782912,"kg",93.7070014967634,"Y",10
"5",1125.54270159844,"kg",102.248518386328,"Y",2
"6",1008.17845183387,"kg",101.933345933957,"Y",1
"7",647.383908889884,"lb",100.756147357932,"Y",6
"8",1743.40259162009,"kg",101.147537240804,"N",1
"9",852.05373858399,"kg",98.6050065739825,"Y",9
"10",641.874184033674,"kg",102.954830857571,"N",NA
"11",1468.30677445175,"kg",102.623734901696,"N",7
"12",603.848891580962,"kg",103.232413673575,"",7
"13",1367.34751384582,"kg",98.5435137260024,"N",8
"14",1185.10683231913,"kg",95.1604214147591,"N",1
"15",1064.20820166538,"kg",105.943183726297,"N",7
"16",993.017610005847,"kg",97.969936397665,"Y",NA
"17",1085.42417485241,"kg",96.5974684841204,"N",6
"18",1771.26488887908,"lb",107.616020880414,"N",9
"19",802.287514384647,"kg",97.6753152094765,"Y",1
"20",1182.20605846301,"kg",101.641624348834,"N",10
"21",1007.07514019175,"kg",97.9991766053279,"",2
"22",1118.82486385531,"kg",101.493667819578,"Y",NA
"23",1159.71413112925,"kg",94.0598390966715,"Y",3
"24",1200.58813904163,"lb",99.1443016963819,"Y",NA
"25",851.048008406062,"kg",97.7599248892769,"N",9
"26",472.243464368074,"lb",94.8703147745445,"",9
"27",1011.52140709118,"kg",98.0918144356108,"Y",5
"28",1464.45833896129,"kg",104.785696905877,"N",6
"29",1161.66551651752,"lb",100.715848995706,"N",1
"30",1236.27976409689,"kg",104.295511264589,"Y",4
"31",1048.7353074275,"kg",92.7259813041747,"N",7
"32",1160.03765922201,"lb",98.1374843964027,"Y",7
"33",904.995100221615,"kg",97.1546247058725,"",3
"34",1137.24303359658,"kg",92.6867572579029,"N",6
"35",310.094195055453,"kg",99.7789734662228,"Y",6
"36",791.913845026377,"lb",101.858514280293,"N",9
"37",2206.71136308819,"lb",100.157579218672,"N",1
"38",1708.92671265006,"lb",103.216071839945,"N",5
"39",1257.2693737487,"kg",97.4789387385056,"N",9
"40",476.96494931197,"lb",106.152519386079,"Y",8
"41",772.488030143764,"kg",101.273705217839,"Y",6
"42",541.260256959154,"kg",103.429989650529,"Y",1
"43",975.270071095868,"kg",107.483347317476,"Y",8
"44",1361.45397450173,"kg",105.590857837056,"",7
"45",1119.62298900114,"lb",96.1291581270693,"",NA
"46",1101.57079499741,"kg",95.2639969784391,"N",3
"47",530.261835805887,"kg",101.380435192895,"N",3
"48",1670.74597287755,"kg",99.1981275699721,"Y",6
"49",1116.42755315948,"kg",98.3439770917152,"N",NA
"50",759.248953803365,"kg",100.39695389381,"Y",2
"51",820.704346656011,"lb",101.66714282235,"N",7
"52",964.332149821748,"kg",95.3404815252692,"",NA
"53",1021.29862751587,"kg",104.102115826996,"Y",1
"54",1395.60279430876,"",106.471235856484,"N",4
"55",1010.72583796335,"kg",96.4512989809334,"",9
"56",794.293645809452,"",91.6200702408968,"N",1
"57",1109.36829091913,"kg",100.994662659384,"N",9
"58",944.228689320551,"kg",103.197383466213,"N",7
"59",407.690889277252,"lb",97.8389005537521,"N",4
"60",725.858693097116,"kg",88.5457117401974,"N",4
"61",1508.53698063248,"kg",98.1907753853534,"N",1
"62",1239.0047604414,"kg",97.3122213896382,"Y",10
"63",772.226196253173,"kg",101.038778183623,"N",6
"64",903.250343369559,"kg",111.365399147298,"N",10
"65",1415.22887860551,"kg",100.866786694618,"N",8
"66",1284.82364975976,"kg",97.0746852832556,"N",8
"67",1001.08535307957,"kg",106.454915717938,"Y",6
"68",969.586220248277,"lb",99.194087557091,"N",6
"69",1960.1060287827,"lb",93.3101156133949,"N",5
"70",585.250833111045,"lb",102.389007320695,"Y",10
"71",1013.49068212262,"kg",103.909251377578,"N",1
"72",637.078996939642,"kg",105.452664894611,"Y",10
"73",1302.26313962896,"kg",104.7542859058,"N",6
"74",1700.19297903959,"lb",98.2309322302943,"Y",4
"75",581.541893157513,"lb",102.28044285361,"N",4
"76",1074.89539486021,"lb",96.9993873166793,"Y",NA
"77",1472.49953605743,"kg",105.600132994486,"N",3
"78",1262.56533769215,"lb",102.564539554428,"N",3
"79",1012.96799521423,"kg",100.781244250211,"Y",2
"80",1138.22402423314,"lb",102.775759756887,"Y",2
"81",1094.67302855629,"kg",97.5375062455291,"N",NA
"82",1461.63356855276,"kg",101.409739194588,"Y",5
"83",1133.80566902423,"kg",89.249866764609,"Y",4
"84",1171.40890746743,"kg",94.1005121663124,"Y",2
"85",1281.64336936406,"kg",108.872364123135,"Y",5
"86",982.912024223559,"kg",99.3945794859073,"N",2
"87",1543.90328493171,"lb",97.3104925415771,"Y",6
"88",795.34431857181,"kg",99.664406123618,"N",9
"89",609.418812521128,"kg",94.6444850584051,"Y",7
"90",1603.20899011304,"kg",104.210132607731,"Y",10
"91",1391.56123485061,"kg",105.717984075191,"N",1
"92",857.229336350587,"kg",97.3576449968458,"N",9
"93",1084.5336443616,"kg",99.504720159653,"N",2
"94",786.96942716176,"kg",95.1822004926607,"N",8
"95",1622.84563235123,"kg",106.53870723452,"Y",2
"96",784.870372510019,"kg",105.241738127133,"N",10
"97",291.080591848906,"kg",91.6062040564299,"N",8
"98",1348.53443874794,"kg",101.951448953431,"N",6
"99",1287.56867417981,"kg",102.069132514834,"N",2
"100",1112.15896273048,"kg",93.6071320191548,"Y",2
"101",1395.22499344462,"kg",98.5163095115916,"N",4
"102",1089.92399658077,"kg",107.469183279788,"N",9
"103",-33.9293291703352,"kg",93.2164185296972,"N",7
"104",777.249833137594,"kg",92.8637991505753,"Y",1
"105",1695.27233773717,"kg",92.7093996969437,"Y",4
"106",1446.32007527076,"lb",101.936844527614,"Y",8
"107",993.386562771807,"kg",95.1727036843367,"N",4
"108",1301.43086104759,"kg",103.808778775203,"",8
"109",950.136868872176,"kg",97.3059316637185,"Y",5
"110",880.884842993921,"kg",98.7525331922731,"N",NA
"111",1420.34213837086,"kg",94.4072319656836,"Y",8
"112",1051.50851702474,"kg",95.1763901597806,"",8
"113",626.745386204263,"kg",98.7442277166885,"N",NA
"114",1151.58078296405,"kg",103.973209246073,"N",5
"115",670.955413467611,"kg",110.919150632948,"Y",3
"116",1068.35536205181,"kg",103.004864693634,"",7
"117",778.778678838247,"kg",105.229884637393,"Y",2
"118",1503.52895693993,"kg",102.001473440043,"N",9
"119",818.027973107466,"kg",103.91620437773,"N",3
"120",1371.89810189103,"kg",105.712790896595,"Y",8
"121",803.758648730057,"lb",101.025345686466,"",5
"122",1218.59210662884,"kg",103.147884732252,"N",4
"123",1166.15490846023,"kg",105.6483335252,"Y",NA
"124",1422.30834738396,"kg",91.7267981788925,"N",5
"125",807.757744836009,"kg",100.787429581624,"N",6
"126",1222.45980421841,"kg",98.0090950152041,"N",5
"127",1125.28819710402,"kg",82.9551939773429,"Y",5
"128",730.757277511573,"kg",101.910716443191,"N",7
"129",363.579885502349,"",97.4577286774487,"N",NA
"130",732.044169908396,"lb",100.335699218375,"Y",2
"131",573.081045981096,"kg",99.0130571907148,"Y",1
"132",994.367030657301,"kg",96.935769264315,"Y",2
"133",1609.44914996625,"kg",100.335505101334,"Y",4
"134",1208.70340444539,"kg",96.9804154633413,"Y",3
"135",1016.95720685443,"kg",103.240527520182,"N",3
"136",1053.48339724412,"kg",99.3415452443901,"N",9
"137",1078.3117135522,"kg",96.5863296198517,"N",3
"138",509.604852599846,"kg",101.75962778762,"N",7
"139",1208.37826739522,"kg",104.619287808904,"Y",1
"140",914.433767757496,"kg",95.9661865458441,"N",10
"141",792.864013304212,"kg",103.413085358747,"Y",2
"142",769.401344137668,"lb",93.6273711095103,"Y",7
"143",1529.79785822139,"kg",98.0877406429951,"N",3
"144",601.581405299059,"kg",108.44335241474,"N",10
"145",719.344097025729,"lb",96.734064513746,"N",9
"146",760.689893189133,"kg",105.09173373188,"N",7
"147",511.138050680533,"kg",114.115081061915,"N",4
"148",755.748024567505,"kg",103.431701482234,"N",9
"149",1148.20310529628,"lb",106.154019055916,"Y",8
"150",772.057982740346,"kg",100.530634063028,"Y",NA
"151",438.07736597731,"lb",104.726579238412,"Y",3
"152",969.996262535846,"kg",100.45450999282,"Y",9
"153",830.797483550974,"kg",101.277961790724,"N",1
"154",1212.6997441704,"kg",103.35177815552,"Y",3
"155",1077.1918436507,"lb",103.234065572757,"N",5
"156",1301.67365524417,"kg",106.927412124712,"N",7
"157",1129.3970271626,"kg",93.2060343453252,"Y",2
"158",1104.21121565681,"lb",97.8904809358921,"N",7
"159",686.329371570343,"kg",95.7648780837458,"N",3
"160",804.625689011259,"kg",104.806820926278,"N",NA
"161",1854.21554293624,"kg",94.7245568908031,"Y",9
"162",1297.84956785764,"kg",100.130775912744,"N",1
"163",639.997032728217,"kg",93.7172092490878,"N",10
"164",394.327562863934,"kg",108.49713570532,"N",1
"165",734.147031202525,"lb",94.0067787967676,"N",2
"166",719.689628611693,"kg",94.4185995101292,"N",7
"167",614.090303775578,"kg",100.002683716736,"N",3
"168",784.552362391341,"kg",97.7408571536107,"",9
"169",1238.73971386923,"",98.5508803448591,"N",NA
"170",1349.63285967668,"kg",101.082876501073,"N",NA
"171",1152.88409049563,"kg",99.7604486387283,"Y",10
"172",1450.45961145151,"kg",100.676708238374,"N",1
"173",1552.44780461394,"kg",104.128399057015,"N",6
"174",1081.52391182266,"kg",102.225024687052,"N",10
"175",781.355105963398,"kg",98.3481079911976,"Y",NA
"176",1259.40358882347,"kg",102.099784003851,"Y",10
"177",1401.41939925083,"lb",90.0426225736673,"Y",7
"178",1331.42617201056,"",101.332207038405,"Y",9
"179",860.05228933275,"kg",106.052981422741,"Y",4
"180",609.400477001845,"kg",93.9226183918187,"Y",9
"181",336.071500291737,"kg",102.166918806786,"Y",4
"182",844.101996727993,"kg",94.7279883164281,"N",9
"183",631.384819521346,"kg",97.7826885767398,"N",5
"184",561.890663120959,"kg",106.538136124055,"N",3
"185",1047.60679983781,"kg",103.696121657723,"Y",5
"186",985.989114846722,"lb",98.2219438112877,"N",4
"187",1001.73084144039,"lb",105.845838992889,"N",4
"188",749.386555643845,"kg",104.190703554823,"N",6
"189",230.095762375158,"kg",105.336976894977,"Y",9
"190",1201.36463840632,"kg",104.86636892148,"Y",4
"191",990.310865520949,"lb",98.5466982036898,"Y",9
"192",1129.79942625474,"kg",96.1398248781233,"Y",NA
"193",1031.59728764483,"kg",103.401083395638,"N",NA
"194",546.193386004675,"kg",101.731259842801,"N",6
"195",1649.58289342654,"kg",101.045931364362,"Y",NA
"196",1156.87393286064,"kg",101.395572221953,"N",5
"197",461.388584896108,"kg",99.2448376996887,"N",8
"198",806.321083464738,"kg",89.6390042818166,"N",5
"199",643.797999286954,"kg",101.867238978732,"N",NA
"200",688.699568060804,"lb",99.3328807938498,"Y",2
"201",1528.02754798047,"kg",108.529773345526,"N",NA
"202",1381.25561513251,"kg",97.4720999436943,"Y",8
"203",1424.30300258845,"kg",99.5073734439327,"N",9
"204",936.477131675919,"kg",103.910453215282,"N",4
"205",1173.85950250282,"kg",109.405398200851,"N",6
"206",872.479550363381,"kg",98.5443034016756,"N",3
"207",687.578218127302,"kg",98.0934727483595,"N",NA
"208",366.718870202497,"kg",106.476025236773,"N",6
"209",1236.13185737384,"kg",102.741235671422,"N",4
"210",1132.70653393644,"kg",104.424350246726,"N",1
"211",684.268544473201,"lb",99.728521429329,"",1
"212",899.661431038065,"kg",98.2959613372167,"N",1
"213",1151.92984420347,"kg",98.0940160972399,"Y",9
"214",1824.07546970561,"kg",108.257709946024,"Y",2
"215",816.154952404439,"kg",90.7721293730332,"Y",6
"216",1046.72824028129,"kg",111.927420908708,"N",6
"217",1586.17389377125,"kg",96.0263054624503,"Y",6
"218",809.257004962072,"kg",104.548604682086,"N",2
"219",607.49895652417,"kg",97.8464115899481,"N",3
"220",599.386482319427,"kg",102.330042092683,"Y",8
"221",647.624506617078,"kg",100.789442940571,"N",4
"222",882.118748876364,"kg",100.659716218117,"N",10
"223",1103.6540310704,"lb",107.566528659183,"Y",NA
"224",1293.76414638924,"lb",100.493182887315,"N",3
"225",985.119495556176,"kg",93.4655748215369,"N",3
"226",971.149067371434,"lb",96.2070425457575,"N",9
"227",1130.28832700048,"lb",92.8950605733383,"N",8
"228",1001.92206521637,"kg",98.2716883172858,"N",NA
"229",979.118628487191,"lb",105.089910976376,"N",8
"230",440.558904349965,"kg",94.0852601755226,"N",10
"231",986.246599449382,"kg",98.4931105102507,"N",8
"232",1125.7538999762,"kg",106.395551342534,"",6
"233",1850.0731508344,"lb",101.613886285202,"N",NA
"234",918.187181787889,"kg",99.579765840593,"Y",4
"235",1295.56720523604,"kg",96.5142722171534,"Y",5
"236",1903.18102605547,"kg",98.7291768999021,"Y",4
"237",1149.70484824554,"kg",108.033444603724,"N",1
"238",1076.4123145857,"kg",102.705949436228,"N",3
"239",918.842675360855,"lb",104.99421826624,"N",8
"240",1269.53564706129,"kg",96.8444421362597,"N",1
"241",714.561393323303,"kg",90.0736541875879,"Y",10
"242",1550.44367474691,"lb",104.16464545979,"Y",7
"243",1082.77603351403,"kg",100.558664950223,"Y",3
"244",1657.27394194621,"kg",92.0928726564426,"Y",8
"245",269.69059217841,"kg",85.4752154855043,"N",1
"246",1271.01663907396,"kg",104.117849273827,"Y",4
"247",815.965580931022,"kg",92.9904878408227,"Y",4
"248",788.380790593664,"lb",98.1893873217669,"",9
"249",924.037475424238,"kg",91.9209201083718,"N",1
"250",1402.99863986307,"kg",98.7786491438693,"Y",9
"251",637.279847556414,"kg",99.5789398082062,"N",10
"252",1624.56719285507,"kg",93.5617817298951,"N",NA
"253",1024.61312220003,"kg",98.65503642375,"Y",5
"254",610.044908123704,"",106.43607321378,"Y",10
"255",1087.15811691016,"kg",99.2575634915602,"N",1
"256",298.566880972539,"lb",100.811500679487,"N",9
"257",785.940074254729,"kg",95.7949733265165,"Y",3
"258",1178.77300168963,"kg",103.043354695653,"N",6
"259",1300.82368431634,"kg",103.001657571129,"N",1
"260",1853.38996524506,"lb",95.8473699764309,"N",4
"261",1017.69496007053,"lb",104.208417116534,"Y",3
"262",321.596259698001,"kg",101.299421709276,"Y",9
"263",1146.44910973366,"lb",96.7383605601558,"N",4
"264",801.341883016512,"kg",88.4828827277406,"N",2
"265",602.792046483733,"kg",108.063290932075,"N",8
"266",710.655491343509,"lb",99.0651655456851,"Y",5
"267",1070.78332750322,"kg",97.7450337386607,"N",2
"268",498.084826244336,"kg",105.677180796336,"N",6
"269",1262.50057949755,"kg",95.6934571564868,"N",2
"270",982.261216940172,"lb",95.2062474570565,"N",8
"271",861.158073593236,"kg",95.0837258149711,"Y",2
"272",882.507705529184,"kg",103.18862929358,"N",4
"273",747.430094313292,"kg",109.498458902251,"N",10
"274",1009.47603491271,"kg",99.9603469039386,"N",4
"275",765.121740567223,"",97.7777607296647,"Y",2
"276",1014.05647617815,"kg",96.1333690915192,"Y",7
"277",1269.50293675473,"kg",102.784269925132,"Y",1
"278",990.067626725378,"kg",100.893927092083,"N",10
"279",909.739740940591,"kg",96.1041288587131,"",8
"280",1198.56092927071,"kg",90.72577933053,"Y",5
"281",1359.82514699522,"kg",108.557376659571,"N",7
"282",1408.29839466979,"kg",96.7942743220715,"N",2
"283",1017.48209830577,"kg",102.074046448876,"N",3
"284",444.520921218457,"kg",104.094543796208,"Y",NA
"285",1662.97071774797,"lb",90.1127548520909,"N",1
"286",522.124295678611,"kg",94.451860641455,"N",2
"287",815.110392237286,"kg",91.9288734294353,"Y",10
"288",406.634243165404,"lb",96.1702006299821,"N",7
"289",1037.80042067381,"kg",99.6286960756861,"",4
"290",550.776158692361,"kg",109.779529603195,"N",4
"291",983.837973013364,"kg",94.1401567032723,"N",4
"292",602.482414359973,"kg",96.1722671673232,"N",5
"293",1485.55534744426,"lb",106.195687275029,"N",1
"294",1257.22613137694,"kg",94.7775683153391,"N",1
"295",81.8012343984072,"kg",99.3170660469261,"",1
"296",1201.36468513418,"kg",98.3813958839986,"N",9
"297",1649.48207734984,"kg",100.868854494232,"Y",3
"298",982.185377575652,"kg",105.259933824189,"N",2
"299",582.017905895425,"kg",100.159986555473,"Y",6
"300",822.771916763997,"lb",102.497163948739,"N",5
"301",394.001084857158,"kg",102.321805386026,"Y",2
"302",1327.97709455787,"kg",104.645901250329,"Y",10
"303",703.564729679266,"lb",97.4392977875494,"N",9
"304",577.416652314326,"kg",108.997869914826,"N",7
"305",1231.56631737987,"kg",99.0554264280679,"",4
"306",1515.48381285228,"kg",93.6881467930348,"N",6
"307",352.936917823635,"kg",100.357773290827,"N",8
"308",727.450057206454,"kg",106.129763311648,"Y",7
"309",1313.3437356752,"kg",101.243200391855,"Y",5
"310",1205.88985645298,"kg",90.8692331635263,"",5
"311",314.852925799172,"kg",100.980778217942,"Y",8
"312",1423.96454308965,"kg",97.9859827109736,"Y",7
"313",1235.05667458243,"kg",91.7909159521165,"Y",2
"314",1098.95644201023,"kg",100.033825270389,"N",9
"315",1271.50615729013,"kg",98.3353329162,"Y",3
"316",1583.97918080369,"kg",97.3736069184545,"N",4
"317",1213.77717294233,"kg",101.794446601153,"Y",7
"318",768.977257043445,"kg",99.2887345702527,"Y",NA
"319",1072.88515262859,"kg",104.405829940469,"Y",7
"320",665.590384065033,"kg",106.288962716181,"N",3
"321",222.989024758327,"kg",102.022574069772,"Y",NA
"322",1269.32563991288,"lb",101.69434399489,"Y",3
"323",680.946911805415,"kg",92.0287898784219,"Y",3
"324",214.215465333191,"kg",99.5834661630762,"Y",2
"325",975.114549934613,"kg",101.393362268456,"N",NA
"326",1413.43466978555,"lb",97.0255784681925,"Y",6
"327",1569.57204217606,"kg",96.3157051491151,"",5
"328",1298.84086724521,"kg",98.2670619616329,"",5
"329",1485.8697740617,"kg",92.033790557749,"N",3
"330",250.169481015888,"kg",98.5072981952319,"Y",NA
"331",747.558427800193,"kg",101.241967148202,"Y",4
"332",1299.30618452527,"kg",100.469834572463,"Y",3
"333",1353.6733865521,"kg",106.419620225059,"Y",5
"334",883.062952649881,"kg",98.0607803394939,"N",8
"335",1565.68348427069,"kg",95.5135905332566,"Y",NA
"336",1231.59054723068,"lb",100.231244718921,"Y",4
"337",1280.15176270176,"kg",106.471848191184,"",9
"338",1337.62815417107,"kg",99.1641928854342,"N",1
"339",1054.43081694068,"kg",103.764874039731,"Y",4
"340",321.785983523485,"kg",97.7108383104391,"Y",1
"341",692.442814039227,"lb",97.3046027180796,"N",4
"342",2058.76253723437,"kg",88.693372965871,"N",4
"343",933.034650431856,"kg",99.5246954752037,"Y",NA
"344",843.239547175138,"kg",94.2322542866466,"N",4
"345",1101.40557160432,"lb",91.8359281305975,"N",7
"346",1048.37783878196,"kg",100.158659996945,"Y",9
"347",688.820635991929,"lb",100.388925290129,"Y",10
"348",1646.7026188347,"kg",105.793487765584,"Y",4
"349",1051.04255583178,"kg",92.8938926782075,"N",2
"350",1737.28281051546,"kg",96.3955566558343,"N",6
"351",685.642448880054,"kg",103.843449832579,"N",7
"352",1156.00808932495,"kg",94.5032679553849,"Y",7
"353",788.196982784642,"kg",100.340545598158,"N",3
"354",-50.6460036088149,"kg",93.6006812479224,"N",9
"355",530.697586392663,"kg",97.3044535571552,"Y",NA
"356",470.127291305234,"kg",104.453443200112,"N",3
"357",656.888234569825,"kg",104.067656914351,"N",7
"358",1203.37410807287,"kg",94.0035839399418,"Y",6
"359",606.611364727007,"kg",95.4975424102693,"N",2
"360",871.122329318746,"kg",107.177334432883,"Y",7
"361",1644.70871249171,"kg",96.984009297924,"N",6
"362",694.307107957091,"kg",102.625063512331,"Y",NA
"363",493.038266777142,"lb",95.7082536695678,"N",8
"364",1002.95260323861,"kg",88.6612958410829,"Y",5
"365",1433.21310519494,"lb",106.300554274642,"N",8
"366",1295.79612409291,"kg",99.5604437269933,"",9
"367",959.18523277902,"kg",97.2221316023361,"N",9
"368",1147.71715473849,"kg",90.1107532546054,"N",3
"369",378.950625603373,"kg",95.0464193856124,"Y",7
"370",1328.04012810586,"kg",99.5151688424422,"Y",2
"371",271.65099200588,"kg",102.824356823023,"N",3
"372",723.976365591727,"kg",96.3558416166105,"N",8
"373",1394.08911876203,"lb",103.470303332811,"N",6
"374",259.908936294243,"kg",102.432749872492,"Y",9
"375",516.484605955293,"kg",95.5904819120767,"N",9
"376",659.76602778509,"lb",93.4643258894479,"Y",5
"377",792.37020764964,"kg",110.038928672028,"Y",6
"378",561.334649927805,"kg",105.480143749231,"Y",4
"379",206.132726288493,"kg",105.612444100725,"N",NA
"380",1240.16439510088,"",105.961899161304,"N",7
"381",289.825493846365,"kg",101.476175279754,"N",5
"382",1202.7756061015,"kg",96.2294152488174,"N",2
"383",618.539189619529,"kg",101.164125564855,"N",10
"384",1223.78684886355,"kg",99.5096444973552,"N",3
"385",1519.99925710119,"lb",79.4412341929149,"Y",8
"386",774.580742359267,"kg",97.4046432895708,"Y",9
"387",451.614876680279,"lb",94.6837708910222,"Y",4
"388",1141.62906044799,"kg",101.488819562455,"Y",10
"389",1081.61592083015,"kg",98.858815716184,"",4
"390",1625.14190490881,"kg",94.7431439493593,"N",5
"391",410.965790412064,"kg",105.111650126588,"N",4
"392",847.514256580393,"kg",103.57761795533,"N",10
"393",531.396959649155,"kg",101.037156380437,"Y",3
"394",810.55000313422,"kg",92.4103929462066,"N",2
"395",1580.89147770255,"kg",100.182992967846,"Y",6
"396",1041.52390974513,"kg",104.879242055217,"Y",NA
"397",867.454732878576,"",98.1183594143411,"N",2
"398",1524.63366615384,"kg",108.721245957787,"Y",3
"399",509.145803001226,"lb",99.5909181709608,"Y",10
"400",1352.6573698748,"kg",96.0576289387394,"N",8
"401",1045.79809273787,"kg",104.960985189868,"Y",8
"402",1109.27889441948,"kg",99.5830419090914,"Y",9
"403",669.22262178707,"lb",96.4886455287605,"N",NA
"404",1819.87322239285,"kg",103.192445694695,"N",1
"405",1100.84190166848,"kg",91.1642577931934,"N",1
"406",907.843491313452,"kg",90.1245797158765,"N",6
"407",1292.53792589625,"lb",106.501763736579,"N",3
"408",837.996747096044,"kg",97.9684143971814,"Y",NA
"409",1560.37696146626,"lb",100.009787748032,"N",3
"410",1187.15313583538,"kg",102.015366254963,"Y",8
"411",518.756854113369,"kg",107.680179129211,"N",1
"412",1371.11353812808,"lb",95.6012683615974,"N",10
"413",1116.7636225871,"",104.280566132977,"N",NA
"414",455.132662217563,"kg",99.6056836344964,"Y",NA
"415",1013.13004104609,"kg",102.842862438969,"Y",3
"416",826.761574576755,"kg",105.691569646613,"N",4
"417",1076.83337430665,"kg",107.549746215772,"N",5
"418",1735.23830055694,"lb",90.1665743213463,"Y",1
"419",1015.66764152384,"kg",95.0708867355103,"N",2
"420",832.975969502354,"kg",111.983026011056,"N",2
"421",875.354642982515,"kg",110.527360168215,"Y",6
"422",1151.67295970443,"kg",94.0370225170965,"N",2
"423",1058.68697845747,"kg",98.4761395824161,"Y",1
"424",1323.09743221927,"lb",105.450060979955,"Y",2
"425",1054.91023997227,"kg",90.8803103558675,"N",6
"426",386.841884363771,"kg",98.069459904008,"N",4
"427",326.842418189873,"kg",103.559804516761,"",5
"428",1246.51900307276,"lb",96.2938658518697,"Y",1
"429",924.535052046086,"kg",101.790849041608,"Y",6
"430",898.518153780042,"kg",111.379674686538,"Y",NA
"431",768.041792869614,"kg",98.1577886397778,"N",7
"432",1380.72030721533,"kg",107.8710463122,"N",5
"433",928.590968548833,"kg",106.228719053848,"Y",8
"434",1269.21004327023,"kg",113.196700113341,"Y",6
"435",809.728102918378,"kg",98.8799051829443,"N",8
"436",1044.06524624249,"",93.4631423351425,"Y",2
"437",663.677722758927,"lb",114.303618162162,"Y",6
"438",1163.87103488878,"kg",102.420143863882,"N",10
"439",1432.92150776502,"kg",95.9020909658592,"N",9
"440",1328.63007620974,"kg",93.5748673726647,"Y",4
"441",492.950234142258,"lb",109.182343344943,"Y",1
"442",1038.45926177902,"kg",100.120419312448,"Y",10
"443",1195.56780104006,"kg",97.8458432955127,"N",7
"444",694.500604713451,"kg",108.496735212507,"N",1
"445",1377.19078107869,"kg",98.1191960458486,"N",10
"446",890.881371144345,"kg",103.51061019834,"Y",9
"447",1359.02413047133,"lb",90.8591644130847,"Y",8
"448",1462.14812634775,"kg",90.4029364085987,"Y",NA
"449",1197.39499906926,"kg",100.876785876814,"N",6
"450",1323.4742696248,"kg",108.025835978614,"N",6
"451",1493.76957289589,"kg",98.4471018298053,"Y",10
"452",1216.00606043032,"kg",99.7005126248174,"Y",NA
"453",560.827741564678,"kg",102.554830312287,"N",5
"454",1236.07553718742,"kg",92.3958120316065,"N",NA
"455",1045.56315827195,"kg",104.699963359456,"Y",9
"456",1152.5876277501,"kg",97.1292806818988,"Y",8
"457",1021.62903479723,"kg",102.150753434218,"N",10
"458",2002.63431373065,"kg",100.65565773518,"N",6
"459",1462.13327242614,"kg",97.690495215619,"N",4
"460",1700.43711643557,"kg",97.2435424805072,"N",4
"461",1513.92951492904,"kg",93.9821711740945,"N",7
"462",863.814332419571,"kg",106.568525426281,"N",2
"463",700.728534888052,"kg",98.8930590637808,"Y",9
"464",1218.67756830033,"kg",88.4489181289853,"N",10
"465",1960.00073124206,"kg",97.4564165057384,"N",2
"466",1502.15333408933,"kg",103.530884711106,"N",6
"467",1192.55961825497,"kg",104.869651058945,"N",NA
"468",1046.44698039463,"lb",106.300792746746,"Y",2
"469",603.148758484526,"kg",93.2821120866566,"Y",8
"470",982.828072590033,"lb",92.4641935296904,"N",1
"471",1161.15459236153,"kg",111.768894201129,"Y",6
"472",1148.37074074959,"kg",104.958708443085,"Y",6
"473",514.733174956838,"kg",102.400403407212,"N",10
"474",724.350893765011,"kg",98.134498304923,"N",2
"475",986.611171421754,"kg",101.981733514482,"N",NA
"476",1499.24034913735,"kg",91.9534797682967,"N",NA
"477",809.890729190283,"kg",105.044380398425,"N",NA
"478",994.46636791138,"lb",102.50801881259,"N",7
"479",1079.73825623659,"kg",102.74223274184,"N",10
"480",1278.43812836355,"kg",97.4142533651835,"N",4
"481",975.737516724002,"kg",97.7920741513996,"Y",9
"482",1562.09566037024,"kg",104.150254044863,"",1
"483",345.611429159822,"kg",107.614721835434,"Y",9
"484",1651.99536683662,"kg",99.0852742994092,"N",3
"485",1002.54727795114,"kg",94.7419780621037,"N",6
"486",1050.66351849322,"kg",101.005928445951,"N",1
"487",843.799306479024,"kg",98.7408589946418,"N",9
"488",870.520152219024,"kg",99.5973399794934,"Y",5
"489",1474.5957742611,"kg",95.7396882649183,"N",2
"490",1067.80449391226,"lb",108.273407740848,"N",4
"491",1415.39748979458,"kg",104.05520428341,"N",2
"492",533.745409830144,"kg",95.5040082716212,"Y",10
"493",1070.72733639474,"kg",98.4352933895835,"Y",1
"494",165.807256378483,"kg",101.134734300153,"N",5
"495",979.091992944617,"kg",101.745815822387,"N",8
"496",867.514673330643,"kg",94.3374572587028,"N",1
"497",117.150755925524,"kg",106.648509341762,"N",10
"498",1244.471108825,"kg",105.570898533635,"N",9
"499",1422.63820395849,"kg",99.0710835734695,"N",2
"500",1155.89805835938,"kg",99.1053844074051,"Y",NA
"501",1079.14792163156,"kg",106.317152046033,"Y",NA
"502",329.651788513372,"lb",113.175668357854,"N",1
"503",1528.07930725335,"lb",100.373095258926,"N",5
"504",507.002370604146,"kg",95.442330075532,"Y",1
"505",554.390256975745,"kg",99.2657087107259,"N",9
"506",454.55328780516,"lb",92.2734641033683,"Y",4
"507",1414.3572587203,"",93.5688280197601,"Y",NA
"508",633.102731470189,"kg",97.9612667098737,"N",4
"509",1090.89998494438,"",93.2761096017005,"",8
"510",830.806834919933,"kg",97.6184947871152,"Y",5
"511",-93.4227200128107,"kg",99.3796923131844,"N",7
"512",1035.00191855615,"lb",98.3859307400057,"N",8
"513",1046.75331138394,"kg",102.381779313932,"Y",1
"514",997.072580185887,"kg",112.628564516525,"Y",9
"515",931.973874517784,"kg",98.3686710330472,"Y",3
"516",1327.8527248417,"kg",90.2285796262852,"Y",3
"517",605.547924571346,"kg",99.9174988674259,"Y",6
"518",513.079733714837,"kg",101.30516800437,"N",5
"519",1325.27964400913,"kg",110.102825472996,"",NA
"520",-75.8107314449549,"kg",102.458514152533,"Y",3
"521",1204.07013667692,"kg",85.7327356729058,"N",8
"522",669.123935062665,"kg",97.2139182618526,"N",5
"523",1285.43092017228,"lb",97.9342491896846,"N",NA
"524",534.646370402396,"kg",96.652576221063,"Y",6
"525",157.181756864255,"kg",103.335232863117,"N",2
"526",1049.5165012118,"lb",109.260078856919,"N",8
"527",1107.52137019375,"kg",94.4391115417871,"",3
"528",1093.46098674402,"lb",82.3288005785907,"N",10
"529",1088.40506013034,"lb",96.196134122357,"N",8
"530",374.681017603701,"lb",97.4225638450336,"N",1
"531",1482.86663669536,"kg",101.222774927418,"N",3
"532",854.954132245255,"kg",108.432392624035,"Y",9
"533",1054.45654441751,"kg",99.6127021496054,"",5
"534",888.546755207573,"kg",97.3042812092217,"",3
"535",1190.64539514189,"lb",91.3879012149795,"N",5
"536",601.423446326815,"kg",91.6247460546592,"Y",9
"537",136.321210742202,"kg",102.248028771375,"N",6
"538",663.587071821555,"kg",109.822239264785,"Y",5
"539",1411.15655223988,"lb",98.667766010318,"Y",1
"540",1286.69186657278,"kg",98.3331444893302,"Y",9
"541",761.365685004983,"kg",104.226331968556,"N",9
"542",1300.76836739965,"kg",95.6689395197684,"N",7
"543",1002.16383383936,"kg",101.650884219856,"Y",6
"544",1005.45786987086,"kg",101.293342019398,"Y",8
"545",1347.26122505929,"kg",102.172317371158,"N",4
"546",438.114742586569,"kg",96.385955527721,"N",5
"547",472.703680971668,"kg",95.0748231337702,"N",8
"548",1284.09667686609,"",102.726043213843,"N",10
"549",36.2535461476821,"kg",100.725004669091,"N",5
"550",1062.16950910334,"kg",100.876591669311,"N",7
"551",531.066327623672,"kg",100.869937610559,"N",7
"552",629.618381902088,"kg",92.9353728960043,"N",7
"553",303.416984863597,"kg",107.670220936558,"Y",3
"554",647.106920003298,"lb",107.112992823182,"N",7
"555",1138.74206244376,"kg",97.9465631055387,"Y",NA
"556",323.414007897433,"kg",99.1131650937058,"",8
"557",446.419655718089,"kg",97.4599581618399,"Y",9
"558",1111.02022350563,"kg",103.810146582309,"Y",2
"559",1644.49896538235,"kg",89.9241462706496,"N",7
"560",1621.0711104604,"lb",94.7742379040651,"N",6
"561",380.796636747973,"lb",101.254226935378,"N",6
"562",965.411270889042,"kg",100.317494312714,"Y",10
"563",1918.5410528367,"kg",99.9379246245241,"Y",9
"564",637.413125563777,"kg",93.0032128030154,"",8
"565",472.020194044549,"kg",98.7004373756382,"Y",6
"566",1451.666224181,"lb",94.3554339157637,"N",NA
"567",755.597976427366,"kg",97.6028067782672,"N",NA
"568",1632.32391377015,"kg",97.1959917972885,"N",2
"569",1023.22544498428,"kg",101.156614550747,"N",10
"570",1236.54143612072,"lb",92.5625397265437,"N",8
"571",908.825335918749,"lb",100.407166122114,"N",10
"572",1267.28624503273,"kg",98.5607466936312,"Y",3
"573",1188.00544056641,"kg",108.44827410563,"N",2
"574",1077.10309658412,"kg",112.893479066311,"N",3
"575",1200.62225038768,"kg",100.516943199187,"N",NA
"576",1033.80950634754,"lb",101.45191691249,"N",10
"577",405.499867123684,"kg",92.1737279433859,"Y",8
"578",1287.61603636426,"lb",95.7772292929229,"Y",9
"579",683.793834120498,"",94.9553953440988,"Y",NA
"580",827.984830562598,"kg",89.2622967539169,"Y",3
"581",1532.57570713664,"lb",97.0862305629348,"Y",9
"582",1365.73715739654,"kg",98.9048999935668,"N",4
"583",1767.63477910763,"kg",99.3414949714441,"N",9
"584",858.612033082702,"lb",98.6354366750063,"Y",5
"585",42.2818303317948,"kg",101.137999708564,"Y",8
"586",737.454633780766,"kg",97.9717732432584,"Y",2
"587",1185.13137530424,"kg",100.117393026485,"N",10
"588",567.963958969631,"kg",106.01110760019,"N",10
"589",1638.17973014455,"kg",95.1968838689066,"N",1
"590",1206.63565955543,"lb",97.3971229737196,"N",9
"591",785.535045272509,"",106.796764880427,"Y",4
"592",407.583028998674,"kg",97.5844528338653,"Y",4
"593",332.318063272499,"kg",105.59467073476,"N",1
"594",1059.34548199019,"kg",109.615239527165,"N",7
"595",898.42446895859,"kg",109.288332106922,"N",4
"596",1274.96044214936,"kg",98.9195360078391,"Y",10
"597",661.727527814584,"kg",101.864407551175,"N",10
"598",771.600079340712,"kg",106.015457711909,"Y",5
"599",498.891529192806,"kg",104.723316850241,"N",10
"600",765.526173737865,"kg",106.332640165777,"N",4
"601",971.854290056369,"kg",96.6529132481816,"N",4
"602",1614.86163934604,"kg",97.1236509604841,"N",6
"603",777.771372216528,"kg",101.275088760511,"Y",7
"604",1241.65744216122,"kg",95.9453661363377,"Y",10
"605",884.389505267748,"kg",106.101982105055,"N",10
"606",1028.39606655837,"kg",100.063821306828,"Y",5
"607",1904.85917133589,"kg",98.5486754400937,"N",2
"608",701.403446909958,"",98.8982356919194,"N",6
"609",924.755768803429,"kg",99.6089988850648,"N",8
"610",570.465386702051,"kg",97.1842478346796,"N",1
"611",728.724129013568,"kg",97.8101428556888,"Y",4
"612",1406.73984650563,"kg",98.1539020519131,"Y",3
"613",1789.77719714903,"kg",104.260835263643,"Y",2
"614",905.668842950758,"kg",101.375740792778,"Y",9
"615",860.788574335551,"kg",101.162729201884,"N",6
"616",1735.03545844994,"kg",100.970910412066,"Y",9
"617",752.43068186182,"kg",96.5991154581265,"Y",10
"618",793.032765530075,"kg",104.443342651711,"N",2
"619",1077.91755524354,"kg",101.164256327551,"N",7
"620",959.635863037454,"lb",95.9343935541187,"",1
"621",783.373901274389,"kg",97.6718265732814,"Y",10
"622",919.711553791692,"kg",94.4468308428626,"N",8
"623",1220.83719658742,"kg",91.8499951449723,"Y",2
"624",653.31141868779,"kg",109.61014985868,"N",7
"625",953.077753205047,"kg",104.74918109524,"N",5
"626",614.262251057461,"lb",91.0919784430262,"N",9
"627",1076.98652601554,"kg",91.8211601870286,"N",7
"628",834.811101379042,"kg",98.8655885821871,"Y",1
"629",828.412417936459,"kg",95.6569433273155,"N",4
"630",1728.17710475639,"kg",93.0023475962014,"Y",4
"631",1169.54875125618,"kg",100.205924907362,"Y",2
"632",1489.26594516023,"kg",103.179896508501,"N",10
"633",1460.07708183344,"lb",93.3628767212185,"N",6
"634",949.727757744261,"kg",96.5097236026393,"Y",5
"635",1715.24311726455,"kg",103.842523300953,"Y",1
"636",920.444856430517,"kg",89.3567443074641,"N",4
"637",926.357703251801,"kg",99.3790353434287,"N",3
"638",1514.61187231093,"kg",102.266875312815,"N",6
"639",438.439989079279,"kg",94.2963431630147,"Y",5
"640",441.60877786343,"kg",97.8930581115809,"N",7
"641",1873.28994551968,"lb",99.062767603546,"N",3
"642",1287.83139024822,"kg",104.458612010224,"Y",NA
"643",962.883201988953,"lb",100.77423557906,"",10
"644",1006.68330887514,"kg",101.615112120282,"N",3
"645",1805.1775071504,"kg",94.9964510675096,"Y",3
"646",566.611083875757,"kg",99.5259190193873,"Y",6
"647",508.505718109742,"lb",94.5467491632427,"N",10
"648",902.737804929519,"kg",98.0729940857713,"Y",10
"649",555.523539881823,"kg",102.448375136882,"N",10
"650",748.739850360136,"kg",99.6780353040077,"N",2
"651",833.063310372786,"kg",102.632237051249,"Y",6
"652",1359.67590822839,"lb",100.20873960243,"Y",NA
"653",912.268278966371,"kg",100.583179412099,"Y",1
"654",1155.67726965912,"kg",98.3673833181444,"",9
"655",1465.05216592924,"kg",104.227025963765,"Y",5
"656",808.097955467676,"kg",101.899637621708,"Y",4
"657",563.953551274005,"",97.472902158079,"Y",7
"658",1679.46235195591,"kg",107.790573203685,"Y",9
"659",1134.15949700533,"kg",107.528490758564,"Y",3
"660",1169.66648536666,"kg",99.2951686888441,"Y",3
"661",649.700106525513,"kg",93.1535286688912,"N",NA
"662",936.966023004625,"kg",106.109877637913,"N",4
"663",382.657703321632,"",105.854635918126,"N",NA
"664",1376.59170626504,"kg",107.833932778224,"Y",6
"665",864.521191735623,"kg",108.536114652006,"N",6
"666",1213.95961865112,"kg",99.0964700135771,"N",2
"667",1586.15948395381,"kg",95.2136145896196,"N",8
"668",1348.25581041236,"kg",109.65644760586,"N",10
"669",743.896223000527,"kg",100.380239195678,"N",10
"670",908.546565794738,"kg",101.140087252464,"N",5
"671",643.999684852929,"lb",100.363481735282,"N",NA
"672",1598.17663751136,"kg",100.740193109142,"N",2
"673",1292.7526359819,"lb",106.346337247548,"N",NA
"674",1105.71951831358,"kg",86.5534064488687,"",2
"675",566.989086763676,"kg",101.557566052508,"N",5
"676",1584.99229080086,"kg",103.306368605123,"N",6
"677",806.506183649956,"kg",92.11518099436,"N",5
"678",1595.70836341038,"kg",95.4949355073024,"N",NA
"679",1509.75981233414,"kg",96.4597466621392,"N",1
"680",1101.47595559514,"kg",105.010073516416,"Y",NA
"681",1457.42945763125,"kg",100.449494271185,"Y",6
"682",832.970254328401,"kg",97.258635664492,"Y",10
"683",368.494972672537,"kg",102.14106492619,"Y",9
"684",1039.2530673046,"kg",92.3921757417376,"Y",10
"685",1135.66856119331,"kg",92.1182512899487,"N",7
"686",1539.80083404316,"kg",89.3947915417902,"N",7
"687",1306.491021385,"kg",88.7825974404038,"N",5
"688",2003.00783443516,"kg",98.9917938567436,"Y",4
"689",1224.64953354275,"kg",95.288295663802,"N",7
"690",831.490506367698,"kg",87.7799487320312,"Y",9
"691",1365.04995692344,"kg",92.8911266675702,"Y",4
"692",820.590702029376,"lb",95.5746350943917,"N",1
"693",503.414550037979,"lb",87.6645730802466,"Y",10
"694",1043.91206824565,"kg",94.928837934287,"Y",1
"695",1149.71426881389,"kg",93.7942282296935,"Y",1
"696",457.410746240698,"kg",96.1723858729708,"N",5
"697",1153.46807806004,"kg",102.463838598846,"Y",4
"698",1086.4149741437,"kg",105.907404871405,"",7
"699",1402.67110459779,"kg",96.5995560157832,"N",7
"700",1476.77203956866,"lb",100.277143378312,"N",4
"701",295.681954300846,"kg",97.3037718961371,"N",1
"702",537.846639759478,"lb",104.002821281055,"",NA
"703",682.880327285779,"kg",97.0190340603503,"N",9
"704",1626.34089639918,"kg",106.612042374144,"Y",8
"705",1150.72406635392,"kg",99.7957147675446,"N",6
"706",399.001710042794,"lb",106.569755606293,"N",5
"707",473.728568653216,"lb",101.444971864043,"N",6
"708",726.044558858227,"kg",103.324891884144,"N",1
"709",1315.2138389184,"kg",91.3681389116157,"Y",6
"710",665.789507885075,"kg",105.819786841263,"",10
"711",827.376060335698,"kg",102.433872624914,"Y",7
"712",982.87250647501,"kg",92.2348164974329,"N",6
"713",1100.85043525759,"lb",101.130842900721,"N",10
"714",1051.50249831862,"kg",97.1398815383915,"Y",8
"715",915.802503511257,"kg",98.0940708317907,"N",4
"716",518.403271614363,"kg",93.2012609310012,"Y",8
"717",684.574393918467,"kg",100.453396066598,"N",3
"718",1576.77220320277,"kg",106.057604730193,"Y",5
"719",1049.03789739769,"kg",99.1267564818835,"Y",2
"720",878.973350741227,"kg",94.159892494003,"N",6
"721",1403.60570545997,"kg",100.131059290314,"Y",4
"722",1663.97462285483,"kg",98.6183855250859,"N",1
"723",1294.78117966322,"kg",90.8321974048144,"Y",5
"724",1037.31760701908,"lb",105.455865048549,"N",5
"725",650.933487777011,"kg",102.958773551528,"N",4
"726",1649.13774458223,"kg",104.98431275733,"N",7
"727",1024.98042872887,"lb",109.878664115952,"N",9
"728",732.751210524698,"kg",98.9728159858614,"Y",7
"729",1795.79804046085,"",101.024405762291,"N",2
"730",691.659879193984,"kg",101.168310919859,"",8
"731",1274.30831420863,"kg",103.513624075499,"N",6
"732",600.522499941615,"kg",100.747980015249,"Y",7
"733",381.31893909906,"kg",92.5418856939756,"N",6
"734",760.41563081182,"kg",93.5473898669207,"N",5
"735",886.914944016807,"kg",93.8893262651746,"N",NA
"736",659.418357274315,"kg",102.917122881984,"N",1
"737",744.726651625111,"kg",102.379606210016,"Y",3
"738",581.598318925856,"kg",98.5054576625346,"Y",9
"739",1128.93332531233,"kg",105.511169919012,"N",1
"740",927.80282090126,"lb",99.0635454748279,"Y",8
"741",371.485500895284,"lb",98.8365766935394,"N",5
"742",1389.67207370824,"kg",89.4563643183836,"Y",1
"743",845.444275219846,"kg",102.410669976842,"N",4
"744",1345.99080855341,"kg",98.1703016963507,"Y",6
"745",751.828141675238,"lb",99.6275715537813,"",8
"746",1101.08361213929,"kg",105.310374901958,"N",2
"747",711.40518520169,"kg",102.642231438625,"N",5
"748",413.577140558494,"lb",95.6046065103548,"",NA
"749",2114.1217999104,"kg",98.3824942497105,"N",1
"750",961.95869791539,"kg",93.1207573156583,"Y",1
"751",1158.49580024513,"kg",96.3249401885135,"",5
"752",240.437738145637,"",98.5409172202112,"N",7
"753",1183.87177275542,"kg",98.3615660375065,"N",1
"754",2073.21680248945,"kg",102.912099664166,"N",8
"755",1122.83850641186,"kg",101.209395608334,"Y",9
"756",1443.8052572085,"kg",103.801394663328,"N",NA
"757",1725.52003766433,"lb",102.812472973792,"",NA
"758",815.518098313594,"kg",98.9093701241882,"N",NA
"759",723.703871481374,"lb",104.296754542394,"N",4
"760",1551.26486977931,"lb",96.1438726947251,"Y",2
"761",905.559068690732,"lb",116.549308335687,"N",8
"762",614.327954047473,"kg",103.044413710964,"N",NA
"763",1117.84580455844,"kg",104.432856624024,"Y",2
"764",712.156642054596,"kg",95.8120102151673,"Y",7
"765",1122.97133113815,"",103.838267586321,"N",3
"766",953.3677531819,"kg",107.916887863169,"N",10
"767",554.342845357142,"kg",94.9532237465918,"",8
"768",1271.45040937536,"kg",103.686322893299,"Y",1
"769",407.931277215244,"kg",93.8159734464038,"N",6
"770",1308.82513049384,"kg",102.626157463808,"Y",7
"771",685.581111362382,"kg",96.056759748438,"",6
"772",367.663086040684,"kg",93.5770877288081,"N",9
"773",731.267525485183,"",98.402584373869,"Y",4
"774",821.769297264332,"kg",98.8050114758316,"N",2
"775",862.66354144386,"kg",102.197797799568,"Y",6
"776",607.892093399135,"kg",105.626286714626,"N",NA
"777",799.290245903769,"lb",92.5638769015182,"Y",2
"778",1351.6556766403,"kg",96.2999041866118,"Y",6
"779",663.22351903794,"kg",109.071044601448,"N",2
"780",793.610929307457,"kg",110.255902739058,"Y",10
"781",1328.41546640866,"kg",97.7784265326638,"N",2
"782",1051.37745077498,"lb",102.628235344962,"Y",3
"783",1497.61208701384,"kg",105.321823435174,"N",2
"784",1670.01572559175,"lb",96.0011200499423,"Y",7
"785",1065.08163085774,"kg",100.794721159755,"N",5
"786",269.522242262018,"lb",103.41846856537,"N",NA
"787",1658.09041009232,"kg",96.9645417215833,"Y",7
"788",1067.59954517941,"kg",92.3533992375318,"Y",3
"789",1139.21400165622,"kg",93.8055543975553,"N",NA
"790",473.051908598861,"kg",99.972630826916,"Y",7
"791",1048.28575230078,"kg",104.84610371731,"N",6
"792",774.295976366473,"kg",98.96474807103,"Y",10
"793",1486.90414638273,"lb",106.950962719778,"N",3
"794",1690.59144035942,"kg",108.73572101739,"Y",5
"795",956.404090657391,"kg",105.588289893718,"Y",10
"796",475.499169497899,"kg",93.1585443958147,"Y",1
"797",1318.78398116122,"kg",104.495142954917,"N",1
"798",661.477288888246,"kg",103.862890968134,"Y",4
"799",1391.56113329656,"lb",98.8535966403477,"Y",10
"800",737.907302160187,"kg",101.931580865687,"N",10
"801",1418.26647069824,"kg",92.3553682225336,"Y",9
"802",1127.67609192549,"kg",97.3258465522802,"Y",10
"803",1420.91043516076,"kg",101.507900783686,"Y",7
"804",938.408177547804,"kg",103.444369950905,"N",7
"805",1571.78349215689,"kg",98.6771648211925,"Y",3
"806",875.843847357156,"kg",100.098547913104,"N",1
"807",677.980392018137,"lb",95.8067409394896,"Y",10
"808",1092.99222410539,"kg",100.645338684915,"N",10
"809",1382.75547796679,"kg",92.9412167358117,"N",5
"810",942.632035863403,"kg",92.9280189237027,"",4
"811",1297.990079072,"lb",107.536211760961,"",NA
"812",1677.29528158864,"lb",101.9537715652,"N",9
"813",666.612399930904,"kg",89.7989810118664,"N",10
"814",943.148147454074,"kg",98.6534127848695,"N",7
"815",1233.33892411723,"kg",88.5629135241054,"N",8
"816",566.877926901223,"kg",104.2896482855,"N",7
"817",1185.86286282265,"kg",100.141995066346,"N",7
"818",883.980169317894,"kg",110.867276914729,"N",10
"819",95.9041480514297,"kg",94.6699146744476,"N",6
"820",173.25144539898,"kg",103.064421082547,"N",3
"821",1530.63580987576,"kg",92.4060866283869,"Y",4
"822",1176.19873430591,"lb",90.5684010989951,"Y",5
"823",965.5060227818,"lb",101.662912746503,"N",1
"824",1202.67193600547,"kg",97.1962306790315,"Y",NA
"825",955.873241758883,"kg",104.340283442731,"N",3
"826",2.71481065587409,"kg",109.628415262804,"N",3
"827",998.049064420836,"kg",102.179064123884,"Y",5
"828",581.855756582227,"kg",101.095072209962,"N",4
"829",1409.88318617337,"kg",101.93117606681,"Y",4
"830",1066.45316845203,"kg",99.9594606687058,"N",4
"831",645.538813929842,"kg",97.8596736941066,"N",1
"832",929.674587036554,"kg",101.55034122556,"N",9
"833",1001.04802589698,"kg",104.44552669567,"N",2
"834",892.882712960076,"kg",90.1736425439016,"Y",7
"835",2014.30640641309,"kg",101.793611477775,"N",3
"836",-92.7913289594023,"kg",96.442876365013,"N",7
"837",1511.45169484815,"kg",105.200100668968,"Y",6
"838",884.959058840306,"kg",90.4107321759757,"N",7
"839",334.202564819225,"kg",107.904901801163,"Y",6
"840",851.872193857865,"kg",108.724911103705,"N",2
"841",985.541512234563,"kg",92.6079110824902,"Y",1
"842",1794.05011434666,"kg",104.217907602339,"N",8
"843",1062.01455337224,"kg",104.307102973875,"N",2
"844",825.895372910544,"lb",104.374519515049,"Y",9
"845",790.364144428933,"lb",93.0855087308759,"N",2
"846",1023.74260059536,"kg",100.825665656343,"N",9
"847",1168.94123483027,"kg",99.5413208539546,"N",8
"848",1314.44013981811,"kg",102.763318593953,"Y",4
"849",787.166433883407,"kg",103.124792058573,"Y",8
"850",1151.7050462548,"kg",101.547470594921,"N",NA
"851",1164.51072904128,"kg",100.293582184345,"N",NA
"852",753.553860202579,"kg",100.577796763702,"Y",8
"853",1511.52405174722,"kg",103.78425693567,"N",7
"854",652.174622643245,"kg",101.748831308671,"Y",2
"855",768.41564635945,"kg",108.69650891569,"N",2
"856",956.550452415376,"kg",104.077007017531,"Y",6
"857",775.829938315561,"kg",101.999643489401,"Y",3
"858",841.223571654179,"lb",105.020191458246,"N",2
"859",1324.29912516633,"kg",103.881981987295,"Y",9
"860",1220.08250045291,"kg",105.860441198341,"Y",9
"861",609.173657343313,"lb",99.2189592024171,"Y",1
"862",1512.28470605477,"kg",106.12337498485,"Y",3
"863",716.552036586484,"kg",98.1439479333078,"",2
"864",809.547698975512,"lb",100.82090492439,"N",10
"865",429.085599514012,"kg",102.246643083992,"Y",8
"866",1132.83509686175,"lb",106.656896804437,"N",4
"867",470.945472227222,"kg",105.577499311123,"Y",6
"868",1112.28685584134,"",105.816918026333,"",3
"869",907.174109850477,"lb",98.9551065754653,"Y",7
"870",1512.74711404248,"kg",101.113840239571,"N",4
"871",1735.99064779795,"lb",100.501239299654,"Y",NA
"872",1779.68203214064,"kg",104.661791927861,"N",4
"873",1898.52583660447,"lb",94.8404473485185,"Y",7
"874",936.430458921057,"lb",105.357393382221,"Y",10
"875",766.531538621459,"lb",96.6311616771553,"Y",5
"876",1810.21538766728,"kg",101.216790761317,"Y",1
"877",976.274147424367,"kg",107.200803744101,"N",6
"878",841.774198323619,"kg",102.692438100786,"N",2
"879",651.427508668174,"kg",92.5121366604106,"Y",7
"880",560.845363301572,"lb",107.672260434994,"N",6
"881",1647.37657963119,"kg",101.772200882209,"N",10
"882",404.831707315194,"kg",110.906516156953,"Y",6
"883",724.473549769668,"",101.039168269928,"N",6
"884",1358.65748043255,"lb",103.952978806226,"Y",4
"885",1932.18388080101,"kg",100.053914796545,"N",10
"886",1236.64548776086,"kg",94.9568622214534,"Y",10
"887",317.532494472675,"lb",102.360424760295,"N",10
"888",1760.26363970556,"lb",100.845664939678,"Y",7
"889",1459.45240703826,"kg",99.8019106243315,"N",NA
"890",1856.60996601601,"kg",96.6345307136081,"N",1
"891",1111.94816990889,"kg",100.73064729289,"Y",3
"892",974.37964360688,"kg",92.7154803563554,"N",10
"893",1217.85304455443,"kg",108.054868954075,"Y",7
"894",1285.41638873726,"kg",98.7057217477437,"Y",8
"895",878.101976894672,"kg",96.998572354035,"Y",8
"896",1326.25384524287,"kg",97.312667345531,"N",5
"897",1370.39673547643,"kg",105.285323106279,"N",10
"898",705.298997392486,"kg",104.883681902331,"N",1
"899",1182.21678302156,"kg",104.837646764159,"Y",2
"900",841.115061823583,"kg",99.4546381905868,"N",5
"901",958.97789500615,"lb",100.037443054572,"Y",8
"902",715.623100703652,"kg",93.4327534961094,"N",9
"903",866.448458825398,"kg",96.5436652729133,"N",NA
"904",815.18663637189,"kg",93.483829764589,"Y",4
"905",1184.7672407651,"kg",98.6170488463829,"Y",7
"906",208.109568516008,"kg",94.9690531702489,"N",1
"907",1413.08891090248,"lb",104.03802715379,"N",7
"908",458.640248396512,"kg",102.807265146467,"N",NA
"909",1356.59291328136,"",97.2273701785958,"N",3
"910",1046.65497615817,"kg",105.794375439375,"Y",NA
"911",1409.13128875071,"kg",97.8458173483788,"Y",2
"912",580.945286288957,"kg",100.990359426029,"Y",9
"913",1445.57356586251,"kg",102.797151013181,"Y",8
"914",426.338372119082,"kg",101.998610959734,"N",5
"915",923.170270508924,"kg",94.6274415611988,"N",3
"916",1300.77942469566,"lb",100.551676741688,"N",5
"917",1089.99105210521,"kg",103.609591692757,"Y",6
"918",230.525034066182,"kg",98.8701075495028,"N",5
"919",356.470489292451,"kg",102.245584452252,"N",5
"920",936.641322849902,"lb",100.515199380266,"N",8
"921",605.070958416472,"kg",100.404940937401,"Y",8
"922",439.531920313086,"kg",98.741153286269,"N",1
"923",1256.12315853806,"kg",96.277207919741,"N",4
"924",283.920143794243,"kg",100.7848677452,"N",2
"925",1242.62622718566,"kg",106.069847921563,"Y",4
"926",892.929050793993,"kg",94.2704742255643,"Y",5
"927",1077.13513702999,"kg",104.550984608183,"N",5
"928",935.426595825793,"kg",98.4307290308639,"N",8
"929",785.741741998512,"lb",98.4559936140969,"Y",4
"930",1084.85857379671,"kg",103.810837885292,"N",7
"931",1301.43992906827,"kg",95.4466982909592,"N",9
"932",1226.93978319491,"kg",94.114871273399,"Y",10
"933",1795.97690281346,"kg",97.5221436785609,"Y",7
"934",965.236517701208,"kg",106.551844270842,"N",7
"935",1284.45587825014,"kg",106.495136242516,"Y",8
"936",913.666925520999,"kg",99.0644061708303,"Y",4
"937",1360.29563368828,"kg",95.3723502898645,"N",9
"938",1106.93796093625,"kg",97.4074634783533,"",8
"939",953.11310923785,"kg",100.65903412618,"N",7
"940",1559.28512312797,"kg",105.879285335895,"N",8
"941",909.92046741103,"lb",106.583144794973,"Y",10
"942",336.006447595649,"lb",98.5674747953875,"N",NA
"943",1407.71306507842,"lb",105.422296739428,"N",3
"944",1016.46612707167,"kg",98.8910587389793,"N",8
"945",1080.45331775802,"kg",105.034580123825,"Y",4
"946",1631.37416257113,"kg",107.31930316504,"N",2
"947",938.909737743926,"kg",102.121009042002,"N",NA
"948",1492.32357242868,"lb",108.906386391206,"Y",6
"949",451.784008848348,"",97.7428800862742,"Y",10
"950",1434.25516081736,"lb",101.679363159431,"Y",4
"951",1260.07881488337,"lb",111.705435925993,"Y",8
"952",1616.22070887826,"kg",95.5051656294341,"Y",1
"953",658.409911882657,"kg",99.2693833962539,"Y",2
"954",1387.13981439402,"kg",104.670375134192,"N",5
"955",1368.88301178993,"lb",100.790096285985,"N",3
"956",2022.11402879396,"kg",106.317286765462,"Y",4
"957",1065.64496699861,"lb",97.1184777057565,"N",7
"958",638.730678919359,"kg",95.8119926451468,"N",10
"959",1528.41317270281,"kg",105.169969492836,"Y",5
"960",767.197331173794,"kg",103.306855228231,"Y",1
"961",900.191755232798,"kg",97.438342661733,"Y",NA
"962",969.43049183747,"lb",106.166957113847,"N",10
"963",417.148840596658,"lb",102.243657206714,"N",5
"964",949.019599868341,"kg",102.661580932423,"N",9
"965",940.660528308757,"kg",93.590241205371,"Y",2
"966",1061.78914903012,"lb",94.0038015852967,"Y",3
"967",1522.00012491964,"kg",92.7795524342713,"Y",10
"968",1143.58123661542,"kg",104.577970876477,"N",2
"969",1372.80797851762,"kg",96.8914868432173,"Y",10
"970",546.124105032273,"kg",103.603355831534,"N",4
"971",887.826541097967,"lb",106.454476253227,"Y",4
"972",762.998494917881,"",98.3301622515589,"N",6
"973",458.574906824948,"kg",100.870730367775,"N",4
"974",1037.75728246899,"kg",99.5839406808475,"N",4
"975",273.579633723384,"kg",98.3839155742114,"N",NA
"976",1461.23575890576,"kg",100.097675465767,"Y",2
"977",530.739420204891,"",102.756388672453,"",8
"978",-93.9043210985424,"",102.688127658715,"Y",2
"979",674.466007688286,"kg",100.608104001815,"N",10
"980",1268.10903498621,"lb",99.5237397106445,"",2
"981",988.77980165433,"kg",100.977073175763,"Y",7
"982",885.924757652773,"lb",93.0537903086864,"Y",9
"983",677.97763347719,"kg",95.5292458540432,"Y",1
"984",909.620254451193,"kg",96.2404773361588,"N",2
"985",1057.12515849467,"lb",98.7468914212192,"N",3
"986",779.361842297287,"kg",95.4889544206974,"N",7
"987",1036.10626033592,"kg",94.6937275743937,"N",5
"988",929.445877151487,"kg",100.428843170092,"Y",NA
"989",231.719099068009,"kg",102.006354612,"N",3
"990",943.030887987619,"kg",105.703469421427,"",5
"991",372.608480501536,"kg",100.663075395406,"Y",NA
"992",1392.35439039318,"kg",100.81332624195,"N",9
"993",1310.81919229231,"kg",104.75417907728,"N",7
"994",1156.46400858713,"lb",92.9186580008918,"N",8
"995",1639.19704792973,"kg",99.825985782276,"N",6
"996",1593.19523020218,"kg",109.048096927554,"Y",9
"997",866.715744732097,"kg",104.32212649599,"N",1
"998",1032.73564953403,"kg",95.3113438517981,"N",2
"999",563.315109841852,"lb",92.1833482465624,"Y",9
"1000",1056.64411190299,"kg",103.827074849575,"N",7
